"campaign","sample_ID","date_time","weight_g","T_C","RH","Area_m2","Patm","Dry_weight","Fresh_weight"
"branch_vs_leaf_4","blup",20/10/20 11:28,3.309324,26.005,62.6275,0.0351,101.325,2.2,3.4
"branch_vs_leaf_4","blup",20/10/20 11:32,3.362415,26.005,62.6275,0.0351,101.325,2.2,3.4
"branch_vs_leaf_4","blup",20/10/20 11:36,3.256233,26.0325,62.8575,0.0351,101.325,2.2,3.4
"branch_vs_leaf_4","blup",20/10/20 11:40,3.238536,26.0025,62.765,0.0351,101.325,2.2,3.4
"branch_vs_leaf_4","blup",20/10/20 11:44,3.256233,25.9375,62.92,0.0351,101.325,2.2,3.4
"branch_vs_leaf_4","blup",20/10/20 11:48,3.238536,25.9425,62.615,0.0351,101.325,2.2,3.4
"branch_vs_leaf_4","blup",20/10/20 11:52,3.27393,25.9675,62.5725,0.0351,101.325,2.2,3.4
"branch_vs_leaf_4","blup",20/10/20 11:56,3.27393,25.9525,62.5775,0.0351,101.325,2.2,3.4
"branch_vs_leaf_4","blup",20/10/20 12:00,3.238536,25.99,62.595,0.0351,101.325,2.2,3.4
"branch_vs_leaf_4","blup",20/10/20 12:04,3.256233,26.0125,62.6525,0.0351,101.325,2.2,3.4
"branch_vs_leaf_4","blup",20/10/20 12:08,3.27393,25.9425,63.0225,0.0351,101.325,2.2,3.4
"branch_vs_leaf_4","blup",20/10/20 12:12,3.238536,25.9325,63.075,0.0351,101.325,2.2,3.4
"branch_vs_leaf_4","blup",20/10/20 12:16,3.238536,25.9975,62.855,0.0351,101.325,2.2,3.4
"branch_vs_leaf_4","blup",20/10/20 12:20,3.256233,26.005,62.875,0.0351,101.325,2.2,3.4
"branch_vs_leaf_4","blup",20/10/20 12:24,3.203142,25.985,62.9175,0.0351,101.325,2.2,3.4
"branch_vs_leaf_4","blup",20/10/20 12:28,3.238536,25.98,62.8325,0.0351,101.325,2.2,3.4
"branch_vs_leaf_4","blup",20/10/20 12:32,3.185445,26.03,62.895,0.0351,101.325,2.2,3.4
"branch_vs_leaf_4","blup",20/10/20 12:36,3.238536,25.8575,63.0325,0.0351,101.325,2.2,3.4
"branch_vs_leaf_4","blup",20/10/20 12:40,3.132355,25.825,63.12,0.0351,101.325,2.2,3.4
"branch_vs_leaf_4","blup",20/10/20 12:44,3.203142,25.93,62.905,0.0351,101.325,2.2,3.4
"branch_vs_leaf_4","blup",20/10/20 12:48,3.203142,25.91,62.8775,0.0351,101.325,2.2,3.4
"branch_vs_leaf_4","blup",20/10/20 12:52,3.220839,25.905,62.835,0.0351,101.325,2.2,3.4
"branch_vs_leaf_4","blup",20/10/20 12:56,3.167748,25.91,62.88,0.0351,101.325,2.2,3.4
"branch_vs_leaf_4","blup",20/10/20 13:00,3.167748,25.9975,62.89,0.0351,101.325,2.2,3.4
"branch_vs_leaf_4","blup",20/10/20 13:04,3.096961,26.0425,62.8325,0.0351,101.325,2.2,3.4
"branch_vs_leaf_4","blup",20/10/20 13:08,3.203142,25.98,62.9075,0.0351,101.325,2.2,3.4
"branch_vs_leaf_4","blup",20/10/20 13:12,3.220839,25.985,63.0825,0.0351,101.325,2.2,3.4
"branch_vs_leaf_4","blup",20/10/20 13:16,3.185445,25.9475,63.115,0.0351,101.325,2.2,3.4
"branch_vs_leaf_4","blup",20/10/20 13:20,3.203142,25.8325,63.0825,0.0351,101.325,2.2,3.4
"branch_vs_leaf_4","blup",20/10/20 13:24,3.150051,25.955,62.97,0.0351,101.325,2.2,3.4
"branch_vs_leaf_4","blup",20/10/20 13:28,3.150051,25.8675,63.2725,0.0351,101.325,2.2,3.4
"branch_vs_leaf_4","blup",20/10/20 13:32,3.150051,25.8775,63.2325,0.0351,101.325,2.2,3.4
"branch_vs_leaf_4","blup",20/10/20 13:36,3.167748,25.97,63.11,0.0351,101.325,2.2,3.4
"branch_vs_leaf_4","blup",20/10/20 13:40,3.150051,25.99,62.9225,0.0351,101.325,2.2,3.4
"branch_vs_leaf_4","blup",20/10/20 13:44,3.167748,25.9475,63.1225,0.0351,101.325,2.2,3.4
"branch_vs_leaf_4","blup",20/10/20 13:48,3.150051,25.9075,63.04,0.0351,101.325,2.2,3.4
"branch_vs_leaf_4","blup",20/10/20 13:52,3.185445,25.93,62.8475,0.0351,101.325,2.2,3.4
"branch_vs_leaf_4","blup",20/10/20 13:56,3.150051,25.83,63.1225,0.0351,101.325,2.2,3.4
"branch_vs_leaf_4","blup",20/10/20 14:00,3.132355,25.91,62.81,0.0351,101.325,2.2,3.4
"branch_vs_leaf_4","blup",20/10/20 14:04,3.150051,25.9475,62.62,0.0351,101.325,2.2,3.4
"branch_vs_leaf_4","blup",20/10/20 14:08,3.150051,25.9625,62.895,0.0351,101.325,2.2,3.4
"branch_vs_leaf_4","blup",20/10/20 14:12,3.220839,25.875,63.1075,0.0351,101.325,2.2,3.4
"branch_vs_leaf_4","blup",20/10/20 14:16,3.167748,25.9075,63.06,0.0351,101.325,2.2,3.4
"branch_vs_leaf_4","blup",20/10/20 14:20,3.220839,25.95,62.945,0.0351,101.325,2.2,3.4
"branch_vs_leaf_4","blup",20/10/20 14:24,3.132355,25.98,62.565,0.0351,101.325,2.2,3.4
"branch_vs_leaf_4","blup",20/10/20 14:28,3.167748,25.8775,63.155,0.0351,101.325,2.2,3.4
"branch_vs_leaf_4","blup",20/10/20 14:32,3.203142,25.91,62.8275,0.0351,101.325,2.2,3.4
"branch_vs_leaf_4","blup",20/10/20 14:36,3.150051,25.8125,63.2025,0.0351,101.325,2.2,3.4
"branch_vs_leaf_4","blup",20/10/20 14:40,3.185445,25.93,62.84,0.0351,101.325,2.2,3.4
"branch_vs_leaf_4","blup",20/10/20 14:44,3.132355,25.9325,62.8525,0.0351,101.325,2.2,3.4
"branch_vs_leaf_4","blup",20/10/20 14:48,3.132355,25.8725,63.0075,0.0351,101.325,2.2,3.4
"branch_vs_leaf_4","blup",20/10/20 14:52,3.150051,25.97,62.7775,0.0351,101.325,2.2,3.4
"branch_vs_leaf_4","blup",20/10/20 14:56,3.114658,25.92,62.7875,0.0351,101.325,2.2,3.4
"branch_vs_leaf_4","blup",20/10/20 15:00,3.132355,25.9675,62.6575,0.0351,101.325,2.2,3.4
"branch_vs_leaf_4","blup",20/10/20 15:04,3.114658,25.865,62.7225,0.0351,101.325,2.2,3.4
"branch_vs_leaf_4","blup",20/10/20 15:08,3.079264,25.7225,66.2225,0.0351,101.325,2.2,3.4
"branch_vs_leaf_4","blup",20/10/20 15:12,3.150051,26.195,52.7075,0.0351,101.325,2.2,3.4
"branch_vs_leaf_4","blup",20/10/20 15:16,3.114658,25.6675,63.5325,0.0351,101.325,2.2,3.4
"branch_vs_leaf_4","blup",20/10/20 15:20,3.061567,25.94,63.2175,0.0351,101.325,2.2,3.4
"branch_vs_leaf_4","blup",20/10/20 15:24,3.04387,25.9425,63.0475,0.0351,101.325,2.2,3.4
"branch_vs_leaf_4","blup",20/10/20 15:28,3.167748,25.965,63.05,0.0351,101.325,2.2,3.4
"branch_vs_leaf_4","blup",20/10/20 15:32,3.04387,25.95,63.01,0.0351,101.325,2.2,3.4
"branch_vs_leaf_4","blup",20/10/20 15:36,3.096961,26.045,62.8675,0.0351,101.325,2.2,3.4
"branch_vs_leaf_4","blup",20/10/20 15:40,3.167748,25.8975,63.0825,0.0351,101.325,2.2,3.4
"branch_vs_leaf_4","blup",20/10/20 15:44,3.096961,25.9325,63.015,0.0351,101.325,2.2,3.4
"branch_vs_leaf_4","blup",20/10/20 15:48,3.096961,25.925,63.005,0.0351,101.325,2.2,3.4
"branch_vs_leaf_4","blup",20/10/20 15:52,3.061567,25.8925,62.9325,0.0351,101.325,2.2,3.4
"branch_vs_leaf_4","blup",20/10/20 15:56,3.079264,25.8775,62.9425,0.0351,101.325,2.2,3.4
"branch_vs_leaf_4","blup",20/10/20 16:00,3.150051,25.9375,62.905,0.0351,101.325,2.2,3.4
"branch_vs_leaf_4","blup",20/10/20 16:04,3.061567,25.9325,62.7075,0.0351,101.325,2.2,3.4
"branch_vs_leaf_4","blup",20/10/20 16:08,3.096961,25.9525,63.0275,0.0351,101.325,2.2,3.4
"branch_vs_leaf_4","blup",20/10/20 16:12,3.061567,25.9125,63.315,0.0351,101.325,2.2,3.4
"branch_vs_leaf_4","blup",20/10/20 16:16,3.150051,25.985,62.8225,0.0351,101.325,2.2,3.4
"branch_vs_leaf_4","blup",20/10/20 16:20,3.04387,25.925,63.17,0.0351,101.325,2.2,3.4
"branch_vs_leaf_4","blup",20/10/20 16:24,3.026173,25.9325,62.9925,0.0351,101.325,2.2,3.4
"branch_vs_leaf_4","blup",20/10/20 16:28,3.079264,25.8625,63.27,0.0351,101.325,2.2,3.4
"branch_vs_leaf_4","blup",20/10/20 16:32,3.061567,25.805,63.2,0.0351,101.325,2.2,3.4
"branch_vs_leaf_4","blup",20/10/20 16:36,3.079264,25.77,63.6825,0.0351,101.325,2.2,3.4
"branch_vs_leaf_4","blup",20/10/20 16:40,3.061567,25.8125,63.2075,0.0351,101.325,2.2,3.4
"branch_vs_leaf_4","blup",20/10/20 16:44,3.114658,25.975,63.045,0.0351,101.325,2.2,3.4
"branch_vs_leaf_4","blup",20/10/20 16:48,3.096961,25.9275,62.8975,0.0351,101.325,2.2,3.4
"branch_vs_leaf_4","blup",20/10/20 16:52,3.114658,26.005,62.915,0.0351,101.325,2.2,3.4
"branch_vs_leaf_4","blup",20/10/20 16:56,3.061567,25.8675,63.01,0.0351,101.325,2.2,3.4
"branch_vs_leaf_4","blup",20/10/20 17:00,3.04387,25.895,62.8775,0.0351,101.325,2.2,3.4
"branch_vs_leaf_4","blup",20/10/20 17:04,2.990779,25.79,63.165,0.0351,101.325,2.2,3.4
"branch_vs_leaf_4","blup",20/10/20 17:08,3.026173,25.8525,63.225,0.0351,101.325,2.2,3.4
"branch_vs_leaf_4","blup",20/10/20 17:12,3.04387,25.795,63.355,0.0351,101.325,2.2,3.4
"branch_vs_leaf_4","blup",20/10/20 17:16,3.061567,25.81,63.295,0.0351,101.325,2.2,3.4
"branch_vs_leaf_4","blup",20/10/20 17:20,3.026173,25.855,63.19,0.0351,101.325,2.2,3.4
"branch_vs_leaf_4","blup",20/10/20 17:24,3.026173,25.89,63.2075,0.0351,101.325,2.2,3.4
"branch_vs_leaf_4","blup",20/10/20 17:28,3.096961,25.8975,63.325,0.0351,101.325,2.2,3.4
"branch_vs_leaf_4","blup",20/10/20 17:32,3.061567,25.8425,63.36,0.0351,101.325,2.2,3.4
"branch_vs_leaf_4","blup",20/10/20 17:36,3.079264,25.81,63.5525,0.0351,101.325,2.2,3.4
"branch_vs_leaf_4","blup",20/10/20 17:40,3.079264,25.9075,63.065,0.0351,101.325,2.2,3.4
"branch_vs_leaf_4","blup",20/10/20 17:44,3.04387,25.8625,63.11,0.0351,101.325,2.2,3.4
"branch_vs_leaf_4","blup",20/10/20 17:48,2.973082,25.735,63.5725,0.0351,101.325,2.2,3.4
"branch_vs_leaf_4","blup",20/10/20 17:52,3.079264,25.8075,63.465,0.0351,101.325,2.2,3.4
"branch_vs_leaf_4","blup",20/10/20 17:56,3.04387,25.7425,63.5275,0.0351,101.325,2.2,3.4
"branch_vs_leaf_4","blup",20/10/20 18:00,3.096961,25.745,63.42,0.0351,101.325,2.2,3.4
"branch_vs_leaf_4","blup",20/10/20 18:04,3.061567,25.83,63.2825,0.0351,101.325,2.2,3.4
"branch_vs_leaf_4","blup",20/10/20 18:08,3.061567,25.8325,63.2025,0.0351,101.325,2.2,3.4
"branch_vs_leaf_4","blup",20/10/20 18:12,3.04387,25.8325,63.2725,0.0351,101.325,2.2,3.4
"branch_vs_leaf_4","blup",20/10/20 18:16,3.026173,25.8975,63.17,0.0351,101.325,2.2,3.4
"branch_vs_leaf_4","blup",20/10/20 18:20,3.008476,25.84,63.2325,0.0351,101.325,2.2,3.4
"branch_vs_leaf_4","blup",20/10/20 18:24,3.026173,25.8825,63.14,0.0351,101.325,2.2,3.4
"branch_vs_leaf_4","blup",20/10/20 18:28,3.114658,25.7825,63.4875,0.0351,101.325,2.2,3.4
"branch_vs_leaf_4","blup",20/10/20 18:32,3.026173,25.7975,63.19,0.0351,101.325,2.2,3.4
"branch_vs_leaf_4","blup",20/10/20 18:36,2.990779,25.8225,63.325,0.0351,101.325,2.2,3.4
"branch_vs_leaf_4","blup",20/10/20 18:40,3.008476,25.765,63.44,0.0351,101.325,2.2,3.4
"branch_vs_leaf_4","blup",20/10/20 18:44,3.04387,25.8575,63.33,0.0351,101.325,2.2,3.4
"branch_vs_leaf_4","blup",20/10/20 18:48,3.114658,25.8325,63.3525,0.0351,101.325,2.2,3.4
"branch_vs_leaf_4","blup",20/10/20 18:52,3.008476,25.905,63.2925,0.0351,101.325,2.2,3.4
"branch_vs_leaf_4","blup",20/10/20 18:56,2.990779,25.9225,63.1375,0.0351,101.325,2.2,3.4
"branch_vs_leaf_4","blup",20/10/20 19:00,3.008476,25.7925,63.4975,0.0351,101.325,2.2,3.4
"branch_vs_leaf_4","blup",20/10/20 19:04,3.026173,25.77,63.52,0.0351,101.325,2.2,3.4
"branch_vs_leaf_4","blup",20/10/20 19:08,3.008476,25.9225,62.9,0.0351,101.325,2.2,3.4
"branch_vs_leaf_4","blup",20/10/20 19:12,3.008476,25.7925,63.4075,0.0351,101.325,2.2,3.4
"branch_vs_leaf_4","blup",20/10/20 19:16,2.990779,25.77,63.4775,0.0351,101.325,2.2,3.4
"branch_vs_leaf_4","blup",20/10/20 19:20,2.973082,25.8025,63.2775,0.0351,101.325,2.2,3.4
"branch_vs_leaf_4","blup",20/10/20 19:24,2.955385,25.81,63.045,0.0351,101.325,2.2,3.4
"branch_vs_leaf_4","blup",20/10/20 19:28,2.973082,25.7875,63.1875,0.0351,101.325,2.2,3.4
"branch_vs_leaf_4","blup",20/10/20 19:32,2.973082,25.8075,63.25,0.0351,101.325,2.2,3.4
"branch_vs_leaf_4","blup",20/10/20 19:36,2.955385,25.8375,63.225,0.0351,101.325,2.2,3.4
"branch_vs_leaf_4","blup",20/10/20 19:40,2.937688,25.915,63.175,0.0351,101.325,2.2,3.4
"branch_vs_leaf_4","blup",20/10/20 19:44,2.990779,25.92,63.0025,0.0351,101.325,2.2,3.4
"branch_vs_leaf_4","blup",20/10/20 19:48,2.937688,25.9175,63.15,0.0351,101.325,2.2,3.4
"branch_vs_leaf_4","blup",20/10/20 19:52,2.955385,25.85,63.5125,0.0351,101.325,2.2,3.4
"branch_vs_leaf_4","blup",20/10/20 19:56,2.973082,25.86,63.2775,0.0351,101.325,2.2,3.4
"branch_vs_leaf_4","blup",20/10/20 20:00,2.919992,25.8025,63.3525,0.0351,101.325,2.2,3.4
"branch_vs_leaf_4","blup",20/10/20 20:04,2.973082,25.8925,62.69,0.0351,101.325,2.2,3.4
"branch_vs_leaf_4","blup",20/10/20 20:08,2.955385,25.9025,62.8875,0.0351,101.325,2.2,3.4
"branch_vs_leaf_4","blup",20/10/20 20:12,2.937688,25.8675,63.0075,0.0351,101.325,2.2,3.4
"branch_vs_leaf_4","blup",20/10/20 20:16,2.955385,25.8825,63.2925,0.0351,101.325,2.2,3.4
"branch_vs_leaf_4","blup",20/10/20 20:20,2.902295,25.8375,63.425,0.0351,101.325,2.2,3.4
"branch_vs_leaf_4","blup",20/10/20 20:24,2.937688,25.8725,63.0775,0.0351,101.325,2.2,3.4
"branch_vs_leaf_4","blup",20/10/20 20:28,2.919992,25.845,63.2775,0.0351,101.325,2.2,3.4
"branch_vs_leaf_4","blup",20/10/20 20:32,2.955385,25.7875,63.4625,0.0351,101.325,2.2,3.4
"branch_vs_leaf_4","blup",20/10/20 20:36,2.955385,25.795,63.2625,0.0351,101.325,2.2,3.4
"branch_vs_leaf_4","blup",20/10/20 20:40,2.919992,25.825,63.39,0.0351,101.325,2.2,3.4
"branch_vs_leaf_4","blup",20/10/20 20:44,2.955385,25.9425,63.0325,0.0351,101.325,2.2,3.4
"branch_vs_leaf_4","blup",20/10/20 20:48,2.902295,25.845,63.1425,0.0351,101.325,2.2,3.4
"branch_vs_leaf_4","blup",20/10/20 20:52,2.973082,25.825,63.3575,0.0351,101.325,2.2,3.4
"branch_vs_leaf_4","blup",20/10/20 20:56,2.937688,25.88,63.1225,0.0351,101.325,2.2,3.4
"branch_vs_leaf_4","blup",20/10/20 21:00,2.902295,25.895,63.225,0.0351,101.325,2.2,3.4
"branch_vs_leaf_4","blup",20/10/20 21:04,2.902295,25.7725,63.305,0.0351,101.325,2.2,3.4
"branch_vs_leaf_4","blup",20/10/20 21:08,2.902295,25.7675,63.3925,0.0351,101.325,2.2,3.4
"branch_vs_leaf_4","blup",20/10/20 21:12,2.937688,25.865,63.0675,0.0351,101.325,2.2,3.4
"branch_vs_leaf_4","blup",20/10/20 21:16,2.919992,25.8175,63.155,0.0351,101.325,2.2,3.4
"branch_vs_leaf_4","blup",20/10/20 21:20,2.955385,25.8675,63.2925,0.0351,101.325,2.2,3.4
"branch_vs_leaf_4","blup",20/10/20 21:24,2.955385,25.89,63.0475,0.0351,101.325,2.2,3.4
"branch_vs_leaf_4","blup",20/10/20 21:28,2.884598,25.965,62.9925,0.0351,101.325,2.2,3.4
"branch_vs_leaf_4","blup",20/10/20 21:32,2.937688,25.8675,63.25,0.0351,101.325,2.2,3.4
"branch_vs_leaf_4","blup",20/10/20 21:36,2.937688,25.86,63.325,0.0351,101.325,2.2,3.4
"branch_vs_leaf_4","blup",20/10/20 21:40,2.955385,25.8725,63.125,0.0351,101.325,2.2,3.4
"branch_vs_leaf_4","blup",20/10/20 21:44,2.955385,25.8675,63.47,0.0351,101.325,2.2,3.4
"branch_vs_leaf_4","blup",20/10/20 21:48,2.937688,25.8875,63.375,0.0351,101.325,2.2,3.4
"branch_vs_leaf_4","blup",20/10/20 21:52,2.955385,25.9475,63.02,0.0351,101.325,2.2,3.4
"branch_vs_leaf_4","blup",20/10/20 21:56,2.990779,25.8925,63.1975,0.0351,101.325,2.2,3.4
"branch_vs_leaf_4","blup",20/10/20 22:00,2.990779,25.905,63.285,0.0351,101.325,2.2,3.4
"branch_vs_leaf_4","blup",20/10/20 22:04,2.902295,25.865,63.2725,0.0351,101.325,2.2,3.4
"branch_vs_leaf_4","blup",20/10/20 22:08,2.902295,25.85,63.2575,0.0351,101.325,2.2,3.4
"branch_vs_leaf_4","blup",20/10/20 22:12,2.937688,25.835,63.2675,0.0351,101.325,2.2,3.4
"branch_vs_leaf_4","blup",20/10/20 22:16,2.884598,25.9025,63.0175,0.0351,101.325,2.2,3.4
"branch_vs_leaf_4","blup",20/10/20 22:20,2.955385,25.8975,63.1,0.0351,101.325,2.2,3.4
"branch_vs_leaf_4","blup",20/10/20 22:24,2.902295,25.8475,63.1825,0.0351,101.325,2.2,3.4
"branch_vs_leaf_4","blup",20/10/20 22:28,2.919992,25.855,63.1675,0.0351,101.325,2.2,3.4
"branch_vs_leaf_4","blup",20/10/20 22:32,2.902295,25.8725,63.1475,0.0351,101.325,2.2,3.4
"branch_vs_leaf_4","blup",20/10/20 22:36,2.884598,25.8375,63.135,0.0351,101.325,2.2,3.4
"branch_vs_leaf_4","blup",20/10/20 22:40,2.919992,25.92,63.1025,0.0351,101.325,2.2,3.4
"branch_vs_leaf_4","blup",20/10/20 22:44,2.937688,25.86,63.2425,0.0351,101.325,2.2,3.4
"branch_vs_leaf_4","blup",20/10/20 22:48,2.866901,25.895,63.415,0.0351,101.325,2.2,3.4
"branch_vs_leaf_4","blup",20/10/20 22:52,2.81381,25.9375,63.1175,0.0351,101.325,2.2,3.4
"branch_vs_leaf_4","blup",20/10/20 22:56,2.884598,25.8625,63.385,0.0351,101.325,2.2,3.4
"branch_vs_leaf_4","blup",20/10/20 23:00,2.937688,25.8775,63.105,0.0351,101.325,2.2,3.4
"branch_vs_leaf_4","blup",20/10/20 23:04,2.902295,25.9275,62.8825,0.0351,101.325,2.2,3.4
"branch_vs_leaf_4","blup",20/10/20 23:08,2.849204,25.9675,62.855,0.0351,101.325,2.2,3.4
"branch_vs_leaf_4","blup",20/10/20 23:12,2.937688,25.9025,62.7575,0.0351,101.325,2.2,3.4
"branch_vs_leaf_4","blup",20/10/20 23:16,2.919992,25.9025,63.125,0.0351,101.325,2.2,3.4
"branch_vs_leaf_4","blup",20/10/20 23:20,2.866901,25.8875,63.0675,0.0351,101.325,2.2,3.4
"branch_vs_leaf_4","blup",20/10/20 23:24,2.902295,25.875,63.09,0.0351,101.325,2.2,3.4
"branch_vs_leaf_4","blup",20/10/20 23:28,2.902295,25.855,63.3475,0.0351,101.325,2.2,3.4
"branch_vs_leaf_4","blup",20/10/20 23:32,2.902295,25.8475,63.1275,0.0351,101.325,2.2,3.4
"branch_vs_leaf_4","blup",20/10/20 23:36,2.919992,25.8275,63.3075,0.0351,101.325,2.2,3.4
"branch_vs_leaf_4","blup",20/10/20 23:40,2.937688,25.8675,63.125,0.0351,101.325,2.2,3.4
"branch_vs_leaf_4","blup",20/10/20 23:44,2.955385,25.915,63.2925,0.0351,101.325,2.2,3.4
"branch_vs_leaf_4","blup",20/10/20 23:48,2.937688,25.9275,63.1075,0.0351,101.325,2.2,3.4
"branch_vs_leaf_4","blup",20/10/20 23:52,2.955385,25.89,63.2175,0.0351,101.325,2.2,3.4
"branch_vs_leaf_4","blup",20/10/20 23:56,2.884598,25.8525,63.5225,0.0351,101.325,2.2,3.4
"branch_vs_leaf_4","blup",21/10/20 00:00,2.937688,25.8525,63.045,0.0351,101.325,2.2,3.4
"branch_vs_leaf_4","blup",21/10/20 00:04,2.866901,25.895,63.0225,0.0351,101.325,2.2,3.4
"branch_vs_leaf_4","blup",21/10/20 00:08,2.866901,25.7225,63.45,0.0351,101.325,2.2,3.4
"branch_vs_leaf_4","blup",21/10/20 00:12,2.884598,25.865,63.0075,0.0351,101.325,2.2,3.4
"branch_vs_leaf_4","blup",21/10/20 00:16,2.849204,25.8975,63.1325,0.0351,101.325,2.2,3.4
"branch_vs_leaf_4","blup",21/10/20 00:20,2.866901,25.86,62.985,0.0351,101.325,2.2,3.4
"branch_vs_leaf_4","blup",21/10/20 00:24,2.849204,25.8525,63.1425,0.0351,101.325,2.2,3.4
"branch_vs_leaf_4","blup",21/10/20 00:28,2.884598,25.855,63.24,0.0351,101.325,2.2,3.4
"branch_vs_leaf_4","blup",21/10/20 00:32,2.919992,25.9275,62.945,0.0351,101.325,2.2,3.4
"branch_vs_leaf_4","blup",21/10/20 00:36,2.919992,25.7775,63.6,0.0351,101.325,2.2,3.4
"branch_vs_leaf_4","blup",21/10/20 00:40,2.937688,25.7625,63.375,0.0351,101.325,2.2,3.4
"branch_vs_leaf_4","blup",21/10/20 00:44,2.919992,25.8725,63.2425,0.0351,101.325,2.2,3.4
"branch_vs_leaf_4","blup",21/10/20 00:48,2.866901,25.81,63.545,0.0351,101.325,2.2,3.4
"branch_vs_leaf_4","blup",21/10/20 00:52,2.902295,25.9575,62.67,0.0351,101.325,2.2,3.4
"branch_vs_leaf_4","blup",21/10/20 00:56,2.902295,25.875,63.2425,0.0351,101.325,2.2,3.4
"branch_vs_leaf_4","blup",21/10/20 01:00,2.902295,25.8925,63.12,0.0351,101.325,2.2,3.4
"branch_vs_leaf_4","blup",21/10/20 01:04,2.884598,25.91,63.0575,0.0351,101.325,2.2,3.4
"branch_vs_leaf_4","blup",21/10/20 01:08,2.849204,25.9,63.2425,0.0351,101.325,2.2,3.4
"branch_vs_leaf_4","blup",21/10/20 01:12,2.849204,25.8425,63.1225,0.0351,101.325,2.2,3.4
"branch_vs_leaf_4","blup",21/10/20 01:16,2.866901,25.8225,63.44,0.0351,101.325,2.2,3.4
"branch_vs_leaf_4","blup",21/10/20 01:20,2.919992,25.8175,63.365,0.0351,101.325,2.2,3.4
"branch_vs_leaf_4","blup",21/10/20 01:24,2.884598,25.94,63.225,0.0351,101.325,2.2,3.4
"branch_vs_leaf_4","blup",21/10/20 01:28,2.919992,25.9475,63.1475,0.0351,101.325,2.2,3.4
"branch_vs_leaf_4","blup",21/10/20 01:32,2.919992,25.8825,63.2525,0.0351,101.325,2.2,3.4
"branch_vs_leaf_4","blup",21/10/20 01:36,2.919992,25.87,63.425,0.0351,101.325,2.2,3.4
"branch_vs_leaf_4","blup",21/10/20 01:40,2.884598,25.8475,63.2375,0.0351,101.325,2.2,3.4
"branch_vs_leaf_4","blup",21/10/20 01:44,2.866901,25.8225,63.44,0.0351,101.325,2.2,3.4
"branch_vs_leaf_4","blup",21/10/20 01:48,2.919992,25.8275,63.2175,0.0351,101.325,2.2,3.4
"branch_vs_leaf_4","blup",21/10/20 01:52,2.919992,25.7875,63.625,0.0351,101.325,2.2,3.4
"branch_vs_leaf_4","blup",21/10/20 01:56,2.866901,25.81,63.425,0.0351,101.325,2.2,3.4
"branch_vs_leaf_4","blup",21/10/20 02:00,2.866901,25.8475,63.405,0.0351,101.325,2.2,3.4
"branch_vs_leaf_4","blup",21/10/20 02:04,2.902295,25.865,63.2075,0.0351,101.325,2.2,3.4
"branch_vs_leaf_4","blup",21/10/20 02:08,2.902295,25.93,63.1575,0.0351,101.325,2.2,3.4
"branch_vs_leaf_4","blup",21/10/20 02:12,2.902295,25.88,63.025,0.0351,101.325,2.2,3.4
"branch_vs_leaf_4","blup",21/10/20 02:16,2.902295,25.8325,63.2175,0.0351,101.325,2.2,3.4
"branch_vs_leaf_4","blup",21/10/20 02:20,2.884598,25.8475,62.9325,0.0351,101.325,2.2,3.4
"branch_vs_leaf_4","blup",21/10/20 02:24,2.866901,25.835,63.285,0.0351,101.325,2.2,3.4
"branch_vs_leaf_4","blup",21/10/20 02:28,2.902295,25.85,63.39,0.0351,101.325,2.2,3.4
"branch_vs_leaf_4","blup",21/10/20 02:32,2.866901,25.7825,63.3875,0.0351,101.325,2.2,3.4
"branch_vs_leaf_4","blup",21/10/20 02:36,2.884598,25.8425,63.405,0.0351,101.325,2.2,3.4
"branch_vs_leaf_4","blup",21/10/20 02:40,2.866901,25.89,63.1625,0.0351,101.325,2.2,3.4
"branch_vs_leaf_4","blup",21/10/20 02:44,2.884598,25.9375,63.2,0.0351,101.325,2.2,3.4
"branch_vs_leaf_4","blup",21/10/20 02:48,2.866901,25.89,63.2025,0.0351,101.325,2.2,3.4
"branch_vs_leaf_4","blup",21/10/20 02:52,2.866901,25.9075,63.09,0.0351,101.325,2.2,3.4
"branch_vs_leaf_4","blup",21/10/20 02:56,2.902295,25.8825,63.125,0.0351,101.325,2.2,3.4
"branch_vs_leaf_4","blup",21/10/20 03:00,2.955385,25.8675,63.3175,0.0351,101.325,2.2,3.4
"branch_vs_leaf_4","blup",21/10/20 03:04,2.919992,25.76,63.8525,0.0351,101.325,2.2,3.4
"branch_vs_leaf_4","blup",21/10/20 03:08,2.866901,25.8075,63.265,0.0351,101.325,2.2,3.4
"branch_vs_leaf_4","blup",21/10/20 03:12,2.884598,25.8925,63.05,0.0351,101.325,2.2,3.4
"branch_vs_leaf_4","blup",21/10/20 03:16,2.884598,25.8225,63.3025,0.0351,101.325,2.2,3.4
"branch_vs_leaf_4","blup",21/10/20 03:20,2.849204,25.82,63.4225,0.0351,101.325,2.2,3.4
"branch_vs_leaf_4","blup",21/10/20 03:24,2.849204,25.81,63.26,0.0351,101.325,2.2,3.4
"branch_vs_leaf_4","blup",21/10/20 03:28,2.884598,25.845,63.3175,0.0351,101.325,2.2,3.4
"branch_vs_leaf_4","blup",21/10/20 03:32,2.81381,25.8325,63.16,0.0351,101.325,2.2,3.4
"branch_vs_leaf_4","blup",21/10/20 03:36,2.866901,25.9675,62.8325,0.0351,101.325,2.2,3.4
"branch_vs_leaf_4","blup",21/10/20 03:40,2.884598,25.9075,63.31,0.0351,101.325,2.2,3.4
"branch_vs_leaf_4","blup",21/10/20 03:44,2.866901,25.8625,63.3325,0.0351,101.325,2.2,3.4
"branch_vs_leaf_4","blup",21/10/20 03:48,2.884598,25.9025,63.2675,0.0351,101.325,2.2,3.4
"branch_vs_leaf_4","blup",21/10/20 03:52,2.866901,25.875,63.2875,0.0351,101.325,2.2,3.4
"branch_vs_leaf_4","blup",21/10/20 03:56,2.849204,25.7825,63.555,0.0351,101.325,2.2,3.4
"branch_vs_leaf_4","blup",21/10/20 04:00,2.902295,25.835,63.4875,0.0351,101.325,2.2,3.4
"branch_vs_leaf_4","blup",21/10/20 04:04,2.831507,25.9175,62.86,0.0351,101.325,2.2,3.4
"branch_vs_leaf_4","blup",21/10/20 04:08,2.866901,25.93,63.085,0.0351,101.325,2.2,3.4
"branch_vs_leaf_4","blup",21/10/20 04:12,2.866901,25.8175,63.5375,0.0351,101.325,2.2,3.4
"branch_vs_leaf_4","blup",21/10/20 04:16,2.884598,25.865,63.1925,0.0351,101.325,2.2,3.4
"branch_vs_leaf_4","blup",21/10/20 04:20,2.831507,25.905,63.2,0.0351,101.325,2.2,3.4
"branch_vs_leaf_4","blup",21/10/20 04:24,2.831507,25.92,63.1025,0.0351,101.325,2.2,3.4
"branch_vs_leaf_4","blup",21/10/20 04:28,2.831507,25.8975,63.0725,0.0351,101.325,2.2,3.4
"branch_vs_leaf_4","blup",21/10/20 04:32,2.866901,25.87,63.2625,0.0351,101.325,2.2,3.4
"branch_vs_leaf_4","blup",21/10/20 04:36,2.866901,25.88,63.1575,0.0351,101.325,2.2,3.4
"branch_vs_leaf_4","blup",21/10/20 04:40,2.919992,25.855,63.14,0.0351,101.325,2.2,3.4
"branch_vs_leaf_4","blup",21/10/20 04:44,2.919992,25.8675,63.25,0.0351,101.325,2.2,3.4
"branch_vs_leaf_4","blup",21/10/20 04:48,2.831507,25.88,63.1725,0.0351,101.325,2.2,3.4
"branch_vs_leaf_4","blup",21/10/20 04:52,2.849204,25.955,63.33,0.0351,101.325,2.2,3.4
"branch_vs_leaf_4","blup",21/10/20 04:56,2.937688,25.85,63.36,0.0351,101.325,2.2,3.4
"branch_vs_leaf_4","blup",21/10/20 05:00,2.902295,26.0075,63.09,0.0351,101.325,2.2,3.4
"branch_vs_leaf_4","blup",21/10/20 05:04,2.866901,25.8275,63.435,0.0351,101.325,2.2,3.4
"branch_vs_leaf_4","blup",21/10/20 05:08,2.849204,25.7525,63.785,0.0351,101.325,2.2,3.4
"branch_vs_leaf_4","blup",21/10/20 05:12,2.866901,25.9,63.21,0.0351,101.325,2.2,3.4
"branch_vs_leaf_4","blup",21/10/20 05:16,2.866901,25.8225,63.3225,0.0351,101.325,2.2,3.4
"branch_vs_leaf_4","blup",21/10/20 05:20,2.866901,25.8875,63.0525,0.0351,101.325,2.2,3.4
"branch_vs_leaf_4","blup",21/10/20 05:24,2.866901,25.7975,63.35,0.0351,101.325,2.2,3.4
"branch_vs_leaf_4","blup",21/10/20 05:28,2.831507,25.9175,62.95,0.0351,101.325,2.2,3.4
"branch_vs_leaf_4","blup",21/10/20 05:32,2.884598,25.89,63.18,0.0351,101.325,2.2,3.4
"branch_vs_leaf_4","blup",21/10/20 05:36,2.796113,25.855,63.395,0.0351,101.325,2.2,3.4
"branch_vs_leaf_4","blup",21/10/20 05:40,2.884598,25.7775,63.5725,0.0351,101.325,2.2,3.4
"branch_vs_leaf_4","blup",21/10/20 05:44,2.884598,25.7225,63.65,0.0351,101.325,2.2,3.4
"branch_vs_leaf_4","blup",21/10/20 05:48,2.849204,25.79,63.5675,0.0351,101.325,2.2,3.4
"branch_vs_leaf_4","blup",21/10/20 05:52,2.849204,25.81,63.4025,0.0351,101.325,2.2,3.4
"branch_vs_leaf_4","blup",21/10/20 05:56,2.831507,25.7475,63.66,0.0351,101.325,2.2,3.4
"branch_vs_leaf_4","blup",21/10/20 06:00,2.849204,25.8575,63.3575,0.0351,101.325,2.2,3.4
"branch_vs_leaf_4","blup",21/10/20 06:04,2.796113,25.91,63.1075,0.0351,101.325,2.2,3.4
"branch_vs_leaf_4","blup",21/10/20 06:08,2.796113,25.8875,63.2975,0.0351,101.325,2.2,3.4
"branch_vs_leaf_4","blup",21/10/20 06:12,2.81381,25.805,63.72,0.0351,101.325,2.2,3.4
"branch_vs_leaf_4","blup",21/10/20 06:16,2.866901,25.8375,63.3125,0.0351,101.325,2.2,3.4
"branch_vs_leaf_4","blup",21/10/20 06:20,2.884598,25.8175,63.2125,0.0351,101.325,2.2,3.4
"branch_vs_leaf_4","blup",21/10/20 06:24,2.866901,25.8675,63.1575,0.0351,101.325,2.2,3.4
"branch_vs_leaf_4","blup",21/10/20 06:28,2.884598,25.7825,63.3425,0.0351,101.325,2.2,3.4
"branch_vs_leaf_4","blup",21/10/20 06:32,2.831507,25.825,63.19,0.0351,101.325,2.2,3.4
"branch_vs_leaf_4","blup",21/10/20 06:36,2.831507,25.8325,63.195,0.0351,101.325,2.2,3.4
"branch_vs_leaf_4","blup",21/10/20 06:40,2.849204,25.835,63.2425,0.0351,101.325,2.2,3.4
"branch_vs_leaf_4","blup",21/10/20 06:44,2.81381,25.8625,63.235,0.0351,101.325,2.2,3.4
"branch_vs_leaf_4","blup",21/10/20 06:48,2.866901,25.9175,63.15,0.0351,101.325,2.2,3.4
"branch_vs_leaf_4","blup",21/10/20 06:52,2.884598,25.7375,63.615,0.0351,101.325,2.2,3.4
"branch_vs_leaf_4","blup",21/10/20 06:56,2.849204,25.8475,63.3125,0.0351,101.325,2.2,3.4
"branch_vs_leaf_4","blup",21/10/20 07:00,2.796113,25.7725,63.4325,0.0351,101.325,2.2,3.4
"branch_vs_leaf_4","blup",21/10/20 07:04,2.849204,25.8225,63.45,0.0351,101.325,2.2,3.4
"branch_vs_leaf_4","blup",21/10/20 07:08,2.884598,25.7525,63.835,0.0351,101.325,2.2,3.4
"branch_vs_leaf_4","blup",21/10/20 07:12,2.884598,25.8775,63.16,0.0351,101.325,2.2,3.4
"branch_vs_leaf_4","blup",21/10/20 07:16,2.831507,25.7825,63.505,0.0351,101.325,2.2,3.4
"branch_vs_leaf_4","blup",21/10/20 07:20,2.884598,25.8,63.6075,0.0351,101.325,2.2,3.4
"branch_vs_leaf_4","blup",21/10/20 07:24,2.866901,25.7725,63.5475,0.0351,101.325,2.2,3.4
"branch_vs_leaf_4","blup",21/10/20 07:28,2.884598,25.77,63.425,0.0351,101.325,2.2,3.4
"branch_vs_leaf_4","blup",21/10/20 07:32,2.778416,25.8075,63.525,0.0351,101.325,2.2,3.4
"branch_vs_leaf_4","blup",21/10/20 07:36,2.849204,25.8425,63.1825,0.0351,101.325,2.2,3.4
"branch_vs_leaf_4","blup",21/10/20 07:40,2.849204,25.76,63.58,0.0351,101.325,2.2,3.4
"branch_vs_leaf_4","blup",21/10/20 07:44,2.866901,25.74,63.5175,0.0351,101.325,2.2,3.4
"branch_vs_leaf_4","blup",21/10/20 07:48,2.81381,25.8075,63.315,0.0351,101.325,2.2,3.4
"branch_vs_leaf_4","blup",21/10/20 07:52,2.884598,25.7275,63.5375,0.0351,101.325,2.2,3.4
"branch_vs_leaf_4","blup",21/10/20 07:56,2.849204,25.765,63.5025,0.0351,101.325,2.2,3.4
"branch_vs_leaf_4","blup",21/10/20 08:00,2.884598,25.8075,63.4575,0.0351,101.325,2.2,3.4
"branch_vs_leaf_4","blup",21/10/20 08:04,2.81381,25.8175,63.385,0.0351,101.325,2.2,3.4
"branch_vs_leaf_4","blup",21/10/20 08:08,2.849204,25.8025,63.8375,0.0351,101.325,2.2,3.4
"branch_vs_leaf_4","blup",21/10/20 08:12,2.831507,25.805,63.5325,0.0351,101.325,2.2,3.4
"branch_vs_leaf_4","blup",21/10/20 08:16,2.81381,25.8225,63.46,0.0351,101.325,2.2,3.4
"branch_vs_leaf_4","blup",21/10/20 08:20,2.884598,25.78,63.7325,0.0351,101.325,2.2,3.4
"branch_vs_leaf_4","blup",21/10/20 08:24,2.831507,25.765,63.735,0.0351,101.325,2.2,3.4
"branch_vs_leaf_4","blup",21/10/20 08:28,2.81381,25.7675,63.3775,0.0351,101.325,2.2,3.4
"branch_vs_leaf_4","blup",21/10/20 08:32,2.81381,25.8175,63.4175,0.0351,101.325,2.2,3.4
"branch_vs_leaf_4","blup",21/10/20 08:36,2.81381,25.7675,63.385,0.0351,101.325,2.2,3.4
"branch_vs_leaf_4","blup",21/10/20 08:40,2.849204,25.86,63.345,0.0351,101.325,2.2,3.4
"branch_vs_leaf_4","blup",21/10/20 08:44,2.831507,25.735,63.6825,0.0351,101.325,2.2,3.4
"branch_vs_leaf_4","blup",21/10/20 08:48,2.81381,25.7275,63.6625,0.0351,101.325,2.2,3.4
"branch_vs_leaf_4","blup",21/10/20 08:52,2.849204,25.72,63.8975,0.0351,101.325,2.2,3.4
"branch_vs_leaf_4","blup",21/10/20 08:56,2.796113,25.765,63.3225,0.0351,101.325,2.2,3.4
"branch_vs_leaf_4","blup",21/10/20 09:00,2.760719,25.72,63.6775,0.0351,101.325,2.2,3.4
"branch_vs_leaf_4","blup",21/10/20 09:04,2.778416,25.83,63.815,0.0351,101.325,2.2,3.4
"branch_vs_leaf_4","blup",21/10/20 09:08,2.81381,25.7625,63.8025,0.0351,101.325,2.2,3.4
"branch_vs_leaf_4","blup",21/10/20 09:12,2.796113,25.84,63.545,0.0351,101.325,2.2,3.4
"branch_vs_leaf_4","blup",21/10/20 09:16,2.81381,25.7475,63.73,0.0351,101.325,2.2,3.4
"branch_vs_leaf_4","blup",21/10/20 09:20,2.81381,25.7175,63.6375,0.0351,101.325,2.2,3.4
"branch_vs_leaf_4","blup",21/10/20 09:24,2.81381,25.6975,63.835,0.0351,101.325,2.2,3.4
"branch_vs_leaf_4","blup",21/10/20 09:28,2.81381,25.72,63.68,0.0351,101.325,2.2,3.4
"branch_vs_leaf_4","blup",21/10/20 09:32,2.725325,25.75,63.545,0.0351,101.325,2.2,3.4
"branch_vs_leaf_4","blup",21/10/20 09:36,2.689932,25.7125,63.465,0.0351,101.325,2.2,3.4
"branch_vs_leaf_4","blup",21/10/20 09:40,2.831507,25.8125,63.3475,0.0351,101.325,2.2,3.4
"branch_vs_leaf_4","blup",21/10/20 09:44,2.796113,25.7025,63.845,0.0351,101.325,2.2,3.4
"branch_vs_leaf_4","blup",21/10/20 09:48,2.81381,25.7225,64.1175,0.0351,101.325,2.2,3.4
"branch_vs_leaf_4","blup",21/10/20 09:52,2.796113,25.7375,63.505,0.0351,101.325,2.2,3.4
"branch_vs_leaf_4","blup",21/10/20 09:56,2.760719,25.7,64.13,0.0351,101.325,2.2,3.4
"branch_vs_leaf_4","blup",21/10/20 10:00,2.831507,25.805,63.685,0.0351,101.325,2.2,3.4
"branch_vs_leaf_4","blup",21/10/20 10:04,2.81381,25.69,64.2,0.0351,101.325,2.2,3.4
"branch_vs_leaf_4","blup",21/10/20 10:08,2.796113,25.7125,63.7575,0.0351,101.325,2.2,3.4
"branch_vs_leaf_4","blup",21/10/20 10:12,2.778416,25.7775,63.84,0.0351,101.325,2.2,3.4
"branch_vs_leaf_4","blup",21/10/20 10:16,2.796113,25.785,63.7575,0.0351,101.325,2.2,3.4
"branch_vs_leaf_4","blup",21/10/20 10:20,2.778416,25.735,63.8675,0.0351,101.325,2.2,3.4
"branch_vs_leaf_4","blup",21/10/20 10:24,2.743022,25.74,63.6525,0.0351,101.325,2.2,3.4
"branch_vs_leaf_4","blup",21/10/20 10:28,2.831507,25.7025,63.5,0.0351,101.325,2.2,3.4
"branch_vs_leaf_4","blup",21/10/20 10:32,2.778416,25.9075,63.4325,0.0351,101.325,2.2,3.4
"branch_vs_leaf_4","blup",21/10/20 10:36,2.81381,25.6975,63.8875,0.0351,101.325,2.2,3.4
"branch_vs_leaf_4","blup",21/10/20 10:40,2.796113,25.685,63.3425,0.0351,101.325,2.2,3.4
"branch_vs_leaf_4","blup",21/10/20 10:44,2.796113,25.675,63.335,0.0351,101.325,2.2,3.4
"branch_vs_leaf_4","blup",21/10/20 10:48,2.796113,25.7375,63.0775,0.0351,101.325,2.2,3.4
"branch_vs_leaf_4","blup",21/10/20 10:52,2.81381,25.8,63.3075,0.0351,101.325,2.2,3.4
"branch_vs_leaf_4","blup",21/10/20 10:56,2.831507,25.9225,62.7675,0.0351,101.325,2.2,3.4
"branch_vs_leaf_4","blup",21/10/20 11:00,2.796113,26.0275,63.2225,0.0351,101.325,2.2,3.4
"branch_vs_leaf_4","blup",21/10/20 11:04,2.654538,26.12,62.785,0.0351,101.325,2.2,3.4
"branch_vs_leaf_4","blup",21/10/20 11:08,2.725325,26.17,62.1575,0.0351,101.325,2.2,3.4
"branch_vs_leaf_4","blup",21/10/20 11:12,2.796113,26.215,62.085,0.0351,101.325,2.2,3.4
"branch_vs_leaf_4","blup",21/10/20 11:16,2.81381,26.3175,62.3175,0.0351,101.325,2.2,3.4
"branch_vs_leaf_4","blup",21/10/20 11:20,2.849204,26.2225,61.9725,0.0351,101.325,2.2,3.4
"branch_vs_leaf_4","blup",21/10/20 11:24,2.743022,26.3075,61.76,0.0351,101.325,2.2,3.4
"branch_vs_leaf_4","blup",21/10/20 11:28,2.884598,26.2175,61.89,0.0351,101.325,2.2,3.4
"branch_vs_leaf_4","blup",21/10/20 11:32,2.81381,26.18,62.0525,0.0351,101.325,2.2,3.4
"branch_vs_leaf_4","blup",21/10/20 11:36,2.831507,26.1625,62.1375,0.0351,101.325,2.2,3.4
"branch_vs_leaf_4","blup",21/10/20 11:40,2.796113,26.2125,62.1475,0.0351,101.325,2.2,3.4
"branch_vs_leaf_4","blup",21/10/20 11:44,2.866901,26.2375,62.0875,0.0351,101.325,2.2,3.4
"branch_vs_leaf_4","blup",21/10/20 11:48,2.778416,26.175,62.075,0.0351,101.325,2.2,3.4
"branch_vs_leaf_4","blup",21/10/20 11:52,2.81381,26.345,62.04,0.0351,101.325,2.2,3.4
"branch_vs_leaf_4","blup",21/10/20 11:56,2.778416,26.2075,62.3325,0.0351,101.325,2.2,3.4
"branch_vs_leaf_4","blup",21/10/20 12:00,2.866901,26.3575,62.205,0.0351,101.325,2.2,3.4
"branch_vs_leaf_4","blup",21/10/20 12:04,2.831507,26.4225,62.2925,0.0351,101.325,2.2,3.4
"branch_vs_leaf_4","blup",21/10/20 12:08,2.831507,26.33,61.8425,0.0351,101.325,2.2,3.4
"branch_vs_leaf_4","blup",21/10/20 12:12,2.81381,26.3225,61.9975,0.0351,101.325,2.2,3.4
"branch_vs_leaf_4","blup",21/10/20 12:16,2.760719,26.23,62.2775,0.0351,101.325,2.2,3.4
"branch_vs_leaf_4","blup",21/10/20 12:20,2.81381,26.3575,61.8275,0.0351,101.325,2.2,3.4
"branch_vs_leaf_4","blup",21/10/20 12:24,2.796113,26.14,62.0975,0.0351,101.325,2.2,3.4
"branch_vs_leaf_4","blup",21/10/20 12:28,2.796113,26.185,61.97,0.0351,101.325,2.2,3.4
"branch_vs_leaf_4","blup",21/10/20 12:32,2.831507,26.265,61.8475,0.0351,101.325,2.2,3.4
"branch_vs_leaf_4","blup",21/10/20 12:36,2.743022,26.195,61.9425,0.0351,101.325,2.2,3.4
"branch_vs_leaf_4","blup",21/10/20 12:40,2.778416,26.2725,62.0425,0.0351,101.325,2.2,3.4
"branch_vs_leaf_4","blup",21/10/20 12:44,2.81381,26.3325,61.88,0.0351,101.325,2.2,3.4
"branch_vs_leaf_4","blup",21/10/20 12:48,2.81381,26.3225,62.4075,0.0351,101.325,2.2,3.4
"branch_vs_leaf_4","blup",21/10/20 12:52,2.849204,26.3825,61.98,0.0351,101.325,2.2,3.4
"branch_vs_leaf_4","blup",21/10/20 12:56,2.849204,26.355,62.3425,0.0351,101.325,2.2,3.4
"branch_vs_leaf_4","blup",21/10/20 13:00,2.831507,26.4075,61.895,0.0351,101.325,2.2,3.4
"branch_vs_leaf_4","blup",21/10/20 13:04,2.831507,26.38,61.9325,0.0351,101.325,2.2,3.4
"branch_vs_leaf_4","blup",21/10/20 13:08,2.849204,26.36,62.2275,0.0351,101.325,2.2,3.4
"branch_vs_leaf_4","blup",21/10/20 13:12,2.849204,26.27,62.2075,0.0351,101.325,2.2,3.4
"branch_vs_leaf_4","blup",21/10/20 13:16,2.849204,26.1925,62.0725,0.0351,101.325,2.2,3.4
"branch_vs_leaf_4","blup",21/10/20 13:20,2.81381,26.2825,61.995,0.0351,101.325,2.2,3.4
"branch_vs_leaf_4","blup",21/10/20 13:24,2.849204,26.3175,61.945,0.0351,101.325,2.2,3.4
"branch_vs_leaf_4","blup",21/10/20 13:28,2.81381,26.3475,61.79,0.0351,101.325,2.2,3.4
"branch_vs_leaf_4","blup",21/10/20 13:32,2.831507,26.415,61.205,0.0351,101.325,2.2,3.4
"branch_vs_leaf_4","blup",21/10/20 13:36,2.849204,26.34,61.6625,0.0351,101.325,2.2,3.4
"branch_vs_leaf_4","blup",21/10/20 13:40,2.796113,26.2825,61.46,0.0351,101.325,2.2,3.4
"branch_vs_leaf_4","blup",21/10/20 13:44,2.849204,26.265,61.87,0.0351,101.325,2.2,3.4
"branch_vs_leaf_4","blup",21/10/20 13:48,2.849204,26.3475,62.0225,0.0351,101.325,2.2,3.4
"branch_vs_leaf_4","blup",21/10/20 13:52,2.81381,26.235,62.0425,0.0351,101.325,2.2,3.4
"branch_vs_leaf_4","blup",21/10/20 13:56,2.884598,26.36,62.0625,0.0351,101.325,2.2,3.4
"branch_vs_leaf_4","blup",21/10/20 14:00,2.760719,26.3575,61.965,0.0351,101.325,2.2,3.4
"branch_vs_leaf_4","blup",21/10/20 14:04,2.866901,26.4225,62.265,0.0351,101.325,2.2,3.4
"branch_vs_leaf_4","blup",21/10/20 14:08,2.778416,26.38,62.0175,0.0351,101.325,2.2,3.4
"branch_vs_leaf_4","blup",21/10/20 14:12,2.796113,26.4125,62.115,0.0351,101.325,2.2,3.4
"branch_vs_leaf_4","blup",21/10/20 14:16,2.778416,26.43,62.1925,0.0351,101.325,2.2,3.4
"branch_vs_leaf_4","blup",21/10/20 14:20,2.831507,26.34,61.6825,0.0351,101.325,2.2,3.4
"branch_vs_leaf_4","blup",21/10/20 14:24,2.831507,26.2775,61.975,0.0351,101.325,2.2,3.4
"branch_vs_leaf_4","blup",21/10/20 14:28,2.849204,26.215,62.1,0.0351,101.325,2.2,3.4
"branch_vs_leaf_4","blup",21/10/20 14:32,2.796113,26.2425,61.8725,0.0351,101.325,2.2,3.4
"branch_vs_leaf_4","blup",21/10/20 14:36,2.849204,26.2525,61.6075,0.0351,101.325,2.2,3.4
"branch_vs_leaf_4","blup",21/10/20 14:40,2.849204,26.2875,61.79,0.0351,101.325,2.2,3.4
"branch_vs_leaf_4","blup",21/10/20 14:44,2.849204,26.2475,61.885,0.0351,101.325,2.2,3.4
"branch_vs_leaf_4","blup",21/10/20 14:48,2.849204,26.285,61.94,0.0351,101.325,2.2,3.4
"branch_vs_leaf_4","blup",21/10/20 14:52,2.831507,26.255,62.0775,0.0351,101.325,2.2,3.4
"branch_vs_leaf_4","blup",21/10/20 14:56,2.796113,26.33,62.15,0.0351,101.325,2.2,3.4
"branch_vs_leaf_4","blup",21/10/20 15:00,2.866901,26.4,62.2575,0.0351,101.325,2.2,3.4
"branch_vs_leaf_4","blup",21/10/20 15:04,2.831507,26.45,62.0875,0.0351,101.325,2.2,3.4
"branch_vs_leaf_4","blup",21/10/20 15:08,2.849204,26.3925,62.2675,0.0351,101.325,2.2,3.4
"branch_vs_leaf_4","blup",21/10/20 15:12,2.831507,26.345,62.005,0.0351,101.325,2.2,3.4
"branch_vs_leaf_4","blup",21/10/20 15:16,2.796113,26.325,62.305,0.0351,101.325,2.2,3.4
"branch_vs_leaf_4","blup",21/10/20 15:20,2.743022,26.3175,62.125,0.0351,101.325,2.2,3.4
"branch_vs_leaf_4","blup",21/10/20 15:24,2.884598,26.2975,62.155,0.0351,101.325,2.2,3.4
"branch_vs_leaf_4","blup",21/10/20 15:28,2.849204,26.225,62.3475,0.0351,101.325,2.2,3.4
"branch_vs_leaf_4","blup",21/10/20 15:32,2.81381,26.1525,62.07,0.0351,101.325,2.2,3.4
"branch_vs_leaf_4","blup",21/10/20 15:36,2.849204,26.225,61.91,0.0351,101.325,2.2,3.4
"branch_vs_leaf_4","blup",21/10/20 15:40,2.81381,26.315,62.0525,0.0351,101.325,2.2,3.4
"branch_vs_leaf_4","blup",21/10/20 15:44,2.760719,26.2375,62.1,0.0351,101.325,2.2,3.4
"branch_vs_leaf_4","blup",21/10/20 15:48,2.831507,26.2925,61.7275,0.0351,101.325,2.2,3.4
"branch_vs_leaf_4","blup",21/10/20 15:52,2.672235,26.4425,62.0125,0.0351,101.325,2.2,3.4
"branch_vs_leaf_4","blup",21/10/20 15:56,2.81381,26.3125,62.105,0.0351,101.325,2.2,3.4
"branch_vs_leaf_4","blup",21/10/20 16:00,2.778416,26.31,62.415,0.0351,101.325,2.2,3.4
"branch_vs_leaf_4","blup",21/10/20 16:04,2.831507,26.2725,62.375,0.0351,101.325,2.2,3.4
"branch_vs_leaf_4","blup",21/10/20 16:08,2.81381,26.205,62.5025,0.0351,101.325,2.2,3.4
"branch_vs_leaf_4","blup",21/10/20 16:12,2.796113,26.3225,62.285,0.0351,101.325,2.2,3.4
"branch_vs_leaf_4","blup",21/10/20 16:16,2.778416,26.4575,62.0475,0.0351,101.325,2.2,3.4
"branch_vs_leaf_4","blup",21/10/20 16:20,2.796113,26.3625,62.115,0.0351,101.325,2.2,3.4
"branch_vs_leaf_4","blup",21/10/20 16:24,2.796113,26.3225,61.875,0.0351,101.325,2.2,3.4
"branch_vs_leaf_4","blup",21/10/20 16:28,2.796113,26.2725,62.1275,0.0351,101.325,2.2,3.4
"branch_vs_leaf_4","blup",21/10/20 16:32,2.778416,26.31,61.95,0.0351,101.325,2.2,3.4
"branch_vs_leaf_4","blup",21/10/20 16:36,2.778416,26.36,61.9625,0.0351,101.325,2.2,3.4
"branch_vs_leaf_4","blup",21/10/20 16:40,2.778416,26.2,62.1225,0.0351,101.325,2.2,3.4
"branch_vs_leaf_4","blup",21/10/20 16:44,2.743022,26.3275,61.715,0.0351,101.325,2.2,3.4
"branch_vs_leaf_4","blup",21/10/20 16:48,2.831507,26.235,61.925,0.0351,101.325,2.2,3.4
"branch_vs_leaf_4","blup",21/10/20 16:52,2.849204,26.37,62.025,0.0351,101.325,2.2,3.4
"branch_vs_leaf_4","blup",21/10/20 16:56,2.831507,26.3625,62.0475,0.0351,101.325,2.2,3.4
"branch_vs_leaf_4","blup",21/10/20 17:00,2.849204,26.4075,62.0475,0.0351,101.325,2.2,3.4
"branch_vs_leaf_4","blup",21/10/20 17:04,2.778416,26.34,62.14,0.0351,101.325,2.2,3.4
"branch_vs_leaf_4","blup",21/10/20 17:08,2.866901,26.2825,62.2925,0.0351,101.325,2.2,3.4
"branch_vs_leaf_4","blup",21/10/20 17:12,2.81381,26.265,62.3125,0.0351,101.325,2.2,3.4
"branch_vs_leaf_4","blup",21/10/20 17:16,2.831507,26.51,62.0325,0.0351,101.325,2.2,3.4
"branch_vs_leaf_4","blup",21/10/20 17:20,2.778416,26.4475,62.1425,0.0351,101.325,2.2,3.4
"branch_vs_leaf_4","blup",21/10/20 17:24,2.707629,26.495,61.92,0.0351,101.325,2.2,3.4
"branch_vs_leaf_4","blup",21/10/20 17:28,2.796113,26.41,61.74,0.0351,101.325,2.2,3.4
"branch_vs_leaf_4","blup",21/10/20 17:32,2.743022,26.3,62.225,0.0351,101.325,2.2,3.4
"branch_vs_leaf_4","blup",21/10/20 17:36,2.707629,26.26,61.7625,0.0351,101.325,2.2,3.4
"branch_vs_leaf_4","blup",21/10/20 17:40,2.760719,26.3,61.6875,0.0351,101.325,2.2,3.4
"branch_vs_leaf_4","blup",21/10/20 17:44,2.796113,26.2675,61.44,0.0351,101.325,2.2,3.4
"branch_vs_leaf_4","blup",21/10/20 17:48,2.81381,26.25,61.885,0.0351,101.325,2.2,3.4
"branch_vs_leaf_4","blup",21/10/20 17:52,2.778416,26.36,61.7025,0.0351,101.325,2.2,3.4
"branch_vs_leaf_4","blup",21/10/20 17:56,2.849204,26.3325,61.725,0.0351,101.325,2.2,3.4
"branch_vs_leaf_4","blup",21/10/20 18:00,2.81381,26.295,61.8875,0.0351,101.325,2.2,3.4
"branch_vs_leaf_4","blup",21/10/20 18:04,2.81381,26.3025,62.335,0.0351,101.325,2.2,3.4
"branch_vs_leaf_4","blup",21/10/20 18:08,2.796113,26.4,62.1325,0.0351,101.325,2.2,3.4
"branch_vs_leaf_4","blup",21/10/20 18:12,2.796113,26.3975,62.035,0.0351,101.325,2.2,3.4
"branch_vs_leaf_4","blup",21/10/20 18:16,2.796113,26.3925,61.9825,0.0351,101.325,2.2,3.4
"branch_vs_leaf_4","blup",21/10/20 18:20,2.81381,26.1775,62.4075,0.0351,101.325,2.2,3.4
"branch_vs_leaf_4","blup",21/10/20 18:24,2.81381,26.3175,61.8925,0.0351,101.325,2.2,3.4
"branch_vs_leaf_4","blup",21/10/20 18:28,2.831507,26.425,61.8025,0.0351,101.325,2.2,3.4
"branch_vs_leaf_4","blup",21/10/20 18:32,2.866901,26.21,62.0575,0.0351,101.325,2.2,3.4
"branch_vs_leaf_4","blup",21/10/20 18:36,2.81381,26.3325,61.83,0.0351,101.325,2.2,3.4
"branch_vs_leaf_4","blup",21/10/20 18:40,2.831507,26.4125,61.5475,0.0351,101.325,2.2,3.4
"branch_vs_leaf_4","blup",21/10/20 18:44,2.796113,26.3025,61.4,0.0351,101.325,2.2,3.4
"branch_vs_leaf_4","blup",21/10/20 18:48,2.778416,26.4375,61.4675,0.0351,101.325,2.2,3.4
"branch_vs_leaf_4","blup",21/10/20 18:52,2.831507,26.44,61.7325,0.0351,101.325,2.2,3.4
"branch_vs_leaf_4","blup",21/10/20 18:56,2.831507,26.4275,61.5825,0.0351,101.325,2.2,3.4
"branch_vs_leaf_4","blup",21/10/20 19:00,2.778416,26.28,61.95,0.0351,101.325,2.2,3.4
"branch_vs_leaf_4","blup",21/10/20 19:04,2.849204,26.41,61.68,0.0351,101.325,2.2,3.4
"branch_vs_leaf_4","blup",21/10/20 19:08,2.796113,26.33,62.0725,0.0351,101.325,2.2,3.4
"branch_vs_leaf_4","blup",21/10/20 19:12,2.81381,26.3025,62.21,0.0351,101.325,2.2,3.4
"branch_vs_leaf_4","blup",21/10/20 19:16,2.866901,26.47,61.8675,0.0351,101.325,2.2,3.4
"branch_vs_leaf_4","blup",21/10/20 19:20,2.81381,26.445,61.88,0.0351,101.325,2.2,3.4
"branch_vs_leaf_4","blup",21/10/20 19:24,2.672235,26.4575,61.9675,0.0351,101.325,2.2,3.4
"branch_vs_leaf_4","blup",21/10/20 19:28,2.796113,26.4675,61.8025,0.0351,101.325,2.2,3.4
"branch_vs_leaf_4","blup",21/10/20 19:32,2.778416,26.3175,61.9075,0.0351,101.325,2.2,3.4
"branch_vs_leaf_4","blup",21/10/20 19:36,2.81381,26.3025,61.9675,0.0351,101.325,2.2,3.4
"branch_vs_leaf_4","blup",21/10/20 19:40,2.796113,26.555,61.605,0.0351,101.325,2.2,3.4
"branch_vs_leaf_4","blup",21/10/20 19:44,2.81381,26.4625,61.3175,0.0351,101.325,2.2,3.4
"branch_vs_leaf_4","blup",21/10/20 19:48,2.831507,26.3975,61.605,0.0351,101.325,2.2,3.4
"branch_vs_leaf_4","blup",21/10/20 19:52,2.81381,26.305,61.435,0.0351,101.325,2.2,3.4
"branch_vs_leaf_4","blup",21/10/20 19:56,2.831507,26.3175,62.015,0.0351,101.325,2.2,3.4
"branch_vs_leaf_4","blup",21/10/20 20:00,2.796113,26.225,61.635,0.0351,101.325,2.2,3.4
"branch_vs_leaf_4","blup",21/10/20 20:04,2.760719,26.3225,61.795,0.0351,101.325,2.2,3.4
"branch_vs_leaf_4","blup",21/10/20 20:08,2.81381,26.345,61.835,0.0351,101.325,2.2,3.4
"branch_vs_leaf_4","blup",21/10/20 20:12,2.831507,26.3925,62.135,0.0351,101.325,2.2,3.4
"branch_vs_leaf_4","blup",21/10/20 20:16,2.778416,26.4875,61.6675,0.0351,101.325,2.2,3.4
"branch_vs_leaf_4","blup",21/10/20 20:20,2.760719,26.4425,62.0775,0.0351,101.325,2.2,3.4
"branch_vs_leaf_4","blup",21/10/20 20:24,2.778416,26.4125,62.015,0.0351,101.325,2.2,3.4
"branch_vs_leaf_4","blup",21/10/20 20:28,2.831507,26.46,61.9925,0.0351,101.325,2.2,3.4
"branch_vs_leaf_4","blup",21/10/20 20:32,2.81381,26.355,61.5475,0.0351,101.325,2.2,3.4
"branch_vs_leaf_4","blup",21/10/20 20:36,2.778416,26.3875,61.7825,0.0351,101.325,2.2,3.4
"branch_vs_leaf_4","blup",21/10/20 20:40,2.760719,26.3425,61.6825,0.0351,101.325,2.2,3.4
"branch_vs_leaf_4","blup",21/10/20 20:44,2.778416,26.44,61.8075,0.0351,101.325,2.2,3.4
"branch_vs_leaf_4","blup",21/10/20 20:48,2.778416,26.3875,61.015,0.0351,101.325,2.2,3.4
"branch_vs_leaf_4","blup",21/10/20 20:52,2.743022,26.205,61.68,0.0351,101.325,2.2,3.4
"branch_vs_leaf_4","blup",21/10/20 20:56,2.81381,26.385,61.4575,0.0351,101.325,2.2,3.4
"branch_vs_leaf_4","blup",21/10/20 21:00,2.760719,26.43,61.3725,0.0351,101.325,2.2,3.4
"branch_vs_leaf_4","blup",21/10/20 21:04,2.760719,26.4775,61.49,0.0351,101.325,2.2,3.4
"branch_vs_leaf_4","blup",21/10/20 21:08,2.725325,26.46,61.5125,0.0351,101.325,2.2,3.4
"branch_vs_leaf_4","blup",21/10/20 21:12,2.760719,26.445,61.7525,0.0351,101.325,2.2,3.4
"branch_vs_leaf_4","blup",21/10/20 21:16,2.81381,26.41,61.6275,0.0351,101.325,2.2,3.4
"branch_vs_leaf_4","blup",21/10/20 21:20,2.778416,26.46,61.985,0.0351,101.325,2.2,3.4
"branch_vs_leaf_4","blup",21/10/20 21:24,2.725325,26.5275,61.54,0.0351,101.325,2.2,3.4
"branch_vs_leaf_4","blup",21/10/20 21:28,2.689932,26.4025,62.005,0.0351,101.325,2.2,3.4
"branch_vs_leaf_4","blup",21/10/20 21:32,2.672235,26.4125,61.9525,0.0351,101.325,2.2,3.4
"branch_vs_leaf_4","blup",21/10/20 21:36,2.778416,26.3975,61.8075,0.0351,101.325,2.2,3.4
"branch_vs_leaf_4","blup",21/10/20 21:40,2.796113,26.425,61.6625,0.0351,101.325,2.2,3.4
"branch_vs_leaf_4","blup",21/10/20 21:44,2.866901,26.4775,61.4925,0.0351,101.325,2.2,3.4
"branch_vs_leaf_4","blup",21/10/20 21:48,2.796113,26.415,61.535,0.0351,101.325,2.2,3.4
"branch_vs_leaf_4","blup",21/10/20 21:52,2.725325,26.4025,61.4375,0.0351,101.325,2.2,3.4
"branch_vs_leaf_4","blup",21/10/20 21:56,2.778416,26.4025,61.45,0.0351,101.325,2.2,3.4
"branch_vs_leaf_4","blup",21/10/20 22:00,2.81381,26.455,61.47,0.0351,101.325,2.2,3.4
"branch_vs_leaf_4","blup",21/10/20 22:04,2.689932,26.455,61.5475,0.0351,101.325,2.2,3.4
"branch_vs_leaf_4","blup",21/10/20 22:08,2.81381,26.305,61.815,0.0351,101.325,2.2,3.4
"branch_vs_leaf_4","blup",21/10/20 22:12,2.831507,26.3675,61.855,0.0351,101.325,2.2,3.4
"branch_vs_leaf_4","blup",21/10/20 22:16,2.81381,26.3925,61.89,0.0351,101.325,2.2,3.4
"branch_vs_leaf_4","blup",21/10/20 22:20,2.796113,26.405,61.88,0.0351,101.325,2.2,3.4
"branch_vs_leaf_4","blup",21/10/20 22:24,2.725325,26.5275,61.75,0.0351,101.325,2.2,3.4
"branch_vs_leaf_4","blup",21/10/20 22:28,2.707629,26.625,61.385,0.0351,101.325,2.2,3.4
"branch_vs_leaf_4","blup",21/10/20 22:32,2.778416,26.3725,61.8775,0.0351,101.325,2.2,3.4
"branch_vs_leaf_4","blup",21/10/20 22:36,2.849204,26.5075,61.75,0.0351,101.325,2.2,3.4
"branch_vs_leaf_4","blup",21/10/20 22:40,2.796113,26.46,61.5275,0.0351,101.325,2.2,3.4
"branch_vs_leaf_4","blup",21/10/20 22:44,2.636841,26.3875,61.45,0.0351,101.325,2.2,3.4
"branch_vs_leaf_4","blup",21/10/20 22:48,2.81381,26.5,61.1725,0.0351,101.325,2.2,3.4
"branch_vs_leaf_4","blup",21/10/20 22:52,2.725325,26.3675,61.495,0.0351,101.325,2.2,3.4
"branch_vs_leaf_4","blup",21/10/20 22:56,2.743022,26.4725,61.15,0.0351,101.325,2.2,3.4
"branch_vs_leaf_4","blup",21/10/20 23:00,2.796113,26.3675,61.21,0.0351,101.325,2.2,3.4
"branch_vs_leaf_4","blup",21/10/20 23:04,2.831507,26.48,61.165,0.0351,101.325,2.2,3.4
"branch_vs_leaf_4","blup",21/10/20 23:08,2.796113,26.4925,61.4525,0.0351,101.325,2.2,3.4
"branch_vs_leaf_4","blup",21/10/20 23:12,2.796113,26.49,61.515,0.0351,101.325,2.2,3.4
"branch_vs_leaf_4","blup",21/10/20 23:16,2.778416,26.58,61.175,0.0351,101.325,2.2,3.4
"branch_vs_leaf_4","blup",21/10/20 23:20,2.796113,26.5125,61.4875,0.0351,101.325,2.2,3.4
"branch_vs_leaf_4","blup",21/10/20 23:24,2.831507,26.435,61.8,0.0351,101.325,2.2,3.4
"branch_vs_leaf_4","blup",21/10/20 23:28,2.743022,26.52,61.605,0.0351,101.325,2.2,3.4
"branch_vs_leaf_4","blup",21/10/20 23:32,2.760719,26.41,61.665,0.0351,101.325,2.2,3.4
"branch_vs_leaf_4","blup",21/10/20 23:36,2.796113,26.56,61.4625,0.0351,101.325,2.2,3.4
"branch_vs_leaf_4","blup",21/10/20 23:40,2.831507,26.39,61.785,0.0351,101.325,2.2,3.4
"branch_vs_leaf_4","blup",21/10/20 23:44,2.743022,26.39,61.64,0.0351,101.325,2.2,3.4
"branch_vs_leaf_4","blup",21/10/20 23:48,2.831507,26.3475,61.695,0.0351,101.325,2.2,3.4
"branch_vs_leaf_4","blup",21/10/20 23:52,2.831507,26.4375,61.4275,0.0351,101.325,2.2,3.4
"branch_vs_leaf_4","blup",21/10/20 23:56,2.796113,26.4375,61.5925,0.0351,101.325,2.2,3.4
"branch_vs_leaf_4","blup",22/10/20 00:00,2.778416,26.4625,61.1775,0.0351,101.325,2.2,3.4
"branch_vs_leaf_4","blup",22/10/20 00:04,2.81381,26.5625,60.88,0.0351,101.325,2.2,3.4
"branch_vs_leaf_4","blup",22/10/20 00:08,2.778416,26.495,61.1625,0.0351,101.325,2.2,3.4
"branch_vs_leaf_4","blup",22/10/20 00:12,2.831507,26.2725,61.5675,0.0351,101.325,2.2,3.4
"branch_vs_leaf_4","blup",22/10/20 00:16,2.81381,26.4975,61.3675,0.0351,101.325,2.2,3.4
"branch_vs_leaf_4","blup",22/10/20 00:20,2.81381,26.525,61.4,0.0351,101.325,2.2,3.4
"branch_vs_leaf_4","blup",22/10/20 00:24,2.831507,26.425,61.7525,0.0351,101.325,2.2,3.4
"branch_vs_leaf_4","blup",22/10/20 00:28,2.778416,26.5275,61.55,0.0351,101.325,2.2,3.4
"branch_vs_leaf_4","blup",22/10/20 00:32,2.778416,26.595,61.62,0.0351,101.325,2.2,3.4
"branch_vs_leaf_4","blup",22/10/20 00:36,2.796113,26.58,61.535,0.0351,101.325,2.2,3.4
"branch_vs_leaf_4","blup",22/10/20 00:40,2.81381,26.34,61.69,0.0351,101.325,2.2,3.4
"branch_vs_leaf_4","blup",22/10/20 00:44,2.796113,26.38,61.925,0.0351,101.325,2.2,3.4
"branch_vs_leaf_4","blup",22/10/20 00:48,2.831507,26.45,61.6475,0.0351,101.325,2.2,3.4
"branch_vs_leaf_4","blup",22/10/20 00:52,2.760719,26.4625,61.3325,0.0351,101.325,2.2,3.4
"branch_vs_leaf_4","blup",22/10/20 00:56,2.796113,26.4025,61.23,0.0351,101.325,2.2,3.4
"branch_vs_leaf_4","blup",22/10/20 01:00,2.796113,26.4275,61.0625,0.0351,101.325,2.2,3.4
"branch_vs_leaf_4","blup",22/10/20 01:04,2.778416,26.525,61.1125,0.0351,101.325,2.2,3.4
"branch_vs_leaf_4","blup",22/10/20 01:08,2.81381,26.4975,61.02,0.0351,101.325,2.2,3.4
"branch_vs_leaf_4","blup",22/10/20 01:12,2.743022,26.565,61.3,0.0351,101.325,2.2,3.4
"branch_vs_leaf_4","blup",22/10/20 01:16,2.743022,26.4125,61.4025,0.0351,101.325,2.2,3.4
"branch_vs_leaf_4","blup",22/10/20 01:20,2.849204,26.4225,61.53,0.0351,101.325,2.2,3.4
"branch_vs_leaf_4","blup",22/10/20 01:24,2.796113,26.5,61.6925,0.0351,101.325,2.2,3.4
"branch_vs_leaf_4","blup",22/10/20 01:28,2.831507,26.64,61.28,0.0351,101.325,2.2,3.4
"branch_vs_leaf_4","blup",22/10/20 01:32,2.831507,26.545,61.69,0.0351,101.325,2.2,3.4
"branch_vs_leaf_4","blup",22/10/20 01:36,2.796113,26.58,61.3175,0.0351,101.325,2.2,3.4
"branch_vs_leaf_4","blup",22/10/20 01:40,2.778416,26.4375,61.85,0.0351,101.325,2.2,3.4
"branch_vs_leaf_4","blup",22/10/20 01:44,2.796113,26.56,61.2675,0.0351,101.325,2.2,3.4
"branch_vs_leaf_4","blup",22/10/20 01:48,2.796113,26.5325,61.415,0.0351,101.325,2.2,3.4
"branch_vs_leaf_4","blup",22/10/20 01:52,2.760719,26.45,61.44,0.0351,101.325,2.2,3.4
"branch_vs_leaf_4","blup",22/10/20 01:56,2.743022,26.525,61.1675,0.0351,101.325,2.2,3.4
"branch_vs_leaf_4","blup",22/10/20 02:00,2.778416,26.5475,61.2,0.0351,101.325,2.2,3.4
"branch_vs_leaf_4","blup",22/10/20 02:04,2.81381,26.55,60.9675,0.0351,101.325,2.2,3.4
"branch_vs_leaf_4","blup",22/10/20 02:08,2.778416,26.395,61.1975,0.0351,101.325,2.2,3.4
"branch_vs_leaf_4","blup",22/10/20 02:12,2.796113,26.37,61.175,0.0351,101.325,2.2,3.4
"branch_vs_leaf_4","blup",22/10/20 02:16,2.849204,26.4725,61.36,0.0351,101.325,2.2,3.4
"branch_vs_leaf_4","blup",22/10/20 02:20,2.796113,26.585,61.5675,0.0351,101.325,2.2,3.4
"branch_vs_leaf_4","blup",22/10/20 02:24,2.796113,26.6,61.1525,0.0351,101.325,2.2,3.4
"branch_vs_leaf_4","blup",22/10/20 02:28,2.81381,26.5275,61.4475,0.0351,101.325,2.2,3.4
"branch_vs_leaf_4","blup",22/10/20 02:32,2.743022,26.4675,61.5325,0.0351,101.325,2.2,3.4
"branch_vs_leaf_4","blup",22/10/20 02:36,2.689932,26.4925,61.78,0.0351,101.325,2.2,3.4
"branch_vs_leaf_4","blup",22/10/20 02:40,2.81381,26.4225,61.6725,0.0351,101.325,2.2,3.4
"branch_vs_leaf_4","blup",22/10/20 02:44,2.707629,26.595,61.3825,0.0351,101.325,2.2,3.4
"branch_vs_leaf_4","blup",22/10/20 02:48,2.760719,26.555,61.325,0.0351,101.325,2.2,3.4
"branch_vs_leaf_4","blup",22/10/20 02:52,2.760719,26.52,61.605,0.0351,101.325,2.2,3.4
"branch_vs_leaf_4","blup",22/10/20 02:56,2.725325,26.52,61.505,0.0351,101.325,2.2,3.4
"branch_vs_leaf_4","blup",22/10/20 03:00,2.81381,26.51,61.38,0.0351,101.325,2.2,3.4
"branch_vs_leaf_4","blup",22/10/20 03:04,2.707629,26.4275,61.4625,0.0351,101.325,2.2,3.4
"branch_vs_leaf_4","blup",22/10/20 03:08,2.778416,26.4425,61.2425,0.0351,101.325,2.2,3.4
"branch_vs_leaf_4","blup",22/10/20 03:12,2.81381,26.4475,61.1675,0.0351,101.325,2.2,3.4
"branch_vs_leaf_4","blup",22/10/20 03:16,2.81381,26.3875,61.155,0.0351,101.325,2.2,3.4
"branch_vs_leaf_4","blup",22/10/20 03:20,2.760719,26.51,61.095,0.0351,101.325,2.2,3.4
"branch_vs_leaf_4","blup",22/10/20 03:24,2.743022,26.5075,61.245,0.0351,101.325,2.2,3.4
"branch_vs_leaf_4","blup",22/10/20 03:28,2.760719,26.3925,61.5175,0.0351,101.325,2.2,3.4
"branch_vs_leaf_4","blup",22/10/20 03:32,2.796113,26.4425,61.695,0.0351,101.325,2.2,3.4
"branch_vs_leaf_4","blup",22/10/20 03:36,2.636841,26.535,61.69,0.0351,101.325,2.2,3.4
"branch_vs_leaf_4","blup",22/10/20 03:40,2.796113,26.52,61.655,0.0351,101.325,2.2,3.4
"branch_vs_leaf_4","blup",22/10/20 03:44,2.760719,26.6025,61.2525,0.0351,101.325,2.2,3.4
"branch_vs_leaf_4","blup",22/10/20 03:48,2.760719,26.5025,61.3825,0.0351,101.325,2.2,3.4
"branch_vs_leaf_4","blup",22/10/20 03:52,2.796113,26.5475,61.4275,0.0351,101.325,2.2,3.4
"branch_vs_leaf_4","blup",22/10/20 03:56,2.689932,26.4975,61.535,0.0351,101.325,2.2,3.4
"branch_vs_leaf_4","blup",22/10/20 04:00,2.778416,26.485,61.425,0.0351,101.325,2.2,3.4
"branch_vs_leaf_4","blup",22/10/20 04:04,2.725325,26.415,61.33,0.0351,101.325,2.2,3.4
"branch_vs_leaf_4","blup",22/10/20 04:08,2.81381,26.525,61.0525,0.0351,101.325,2.2,3.4
"branch_vs_leaf_4","blup",22/10/20 04:12,2.796113,26.47,61.01,0.0351,101.325,2.2,3.4
"branch_vs_leaf_4","blup",22/10/20 04:16,2.778416,26.465,61.02,0.0351,101.325,2.2,3.4
"branch_vs_leaf_4","blup",22/10/20 04:20,2.760719,26.59,60.9875,0.0351,101.325,2.2,3.4
"branch_vs_leaf_4","blup",22/10/20 04:24,2.796113,26.5475,61.1575,0.0351,101.325,2.2,3.4
"branch_vs_leaf_4","blup",22/10/20 04:28,2.743022,26.555,61.29,0.0351,101.325,2.2,3.4
"branch_vs_leaf_4","blup",22/10/20 04:32,2.760719,26.5175,61.3775,0.0351,101.325,2.2,3.4
"branch_vs_leaf_4","blup",22/10/20 04:36,2.672235,26.4625,61.81,0.0351,101.325,2.2,3.4
"branch_vs_leaf_4","blup",22/10/20 04:40,2.654538,26.49,61.6375,0.0351,101.325,2.2,3.4
"branch_vs_leaf_4","blup",22/10/20 04:44,2.778416,26.55,61.795,0.0351,101.325,2.2,3.4
"branch_vs_leaf_4","blup",22/10/20 04:48,2.760719,26.5925,61.8325,0.0351,101.325,2.2,3.4
"branch_vs_leaf_4","blup",22/10/20 04:52,2.743022,26.505,61.6525,0.0351,101.325,2.2,3.4
"branch_vs_leaf_4","blup",22/10/20 04:56,2.796113,26.52,61.375,0.0351,101.325,2.2,3.4
"branch_vs_leaf_4","blup",22/10/20 05:00,2.796113,26.5625,60.9825,0.0351,101.325,2.2,3.4
"branch_vs_leaf_4","blup",22/10/20 05:04,2.81381,26.5325,61.5675,0.0351,101.325,2.2,3.4
"branch_vs_leaf_4","blup",22/10/20 05:08,2.81381,26.4675,61.435,0.0351,101.325,2.2,3.4
"branch_vs_leaf_4","blup",22/10/20 05:12,2.81381,26.475,61.09,0.0351,101.325,2.2,3.4
"branch_vs_leaf_4","blup",22/10/20 05:16,2.796113,26.515,61.12,0.0351,101.325,2.2,3.4
"branch_vs_leaf_4","blup",22/10/20 05:20,2.831507,26.5475,60.8475,0.0351,101.325,2.2,3.4
"branch_vs_leaf_4","blup",22/10/20 05:24,2.725325,26.59,60.9925,0.0351,101.325,2.2,3.4
"branch_vs_leaf_4","blup",22/10/20 05:28,2.796113,26.545,61.2775,0.0351,101.325,2.2,3.4
"branch_vs_leaf_4","blup",22/10/20 05:32,2.81381,26.3775,61.6775,0.0351,101.325,2.2,3.4
"branch_vs_leaf_4","blup",22/10/20 05:36,2.760719,26.51,61.56,0.0351,101.325,2.2,3.4
"branch_vs_leaf_4","blup",22/10/20 05:40,2.831507,26.5475,61.35,0.0351,101.325,2.2,3.4
"branch_vs_leaf_4","blup",22/10/20 05:44,2.689932,26.5075,61.23,0.0351,101.325,2.2,3.4
"branch_vs_leaf_4","blup",22/10/20 05:48,2.743022,26.655,61.2525,0.0351,101.325,2.2,3.4
"branch_vs_leaf_4","blup",22/10/20 05:52,2.778416,26.6225,61.255,0.0351,101.325,2.2,3.4
"branch_vs_leaf_4","blup",22/10/20 05:56,2.866901,26.57,60.9025,0.0351,101.325,2.2,3.4
"branch_vs_leaf_4","blup",22/10/20 06:00,2.778416,26.6125,61.08,0.0351,101.325,2.2,3.4
"branch_vs_leaf_4","blup",22/10/20 06:04,2.743022,26.5175,61.26,0.0351,101.325,2.2,3.4
"branch_vs_leaf_4","blup",22/10/20 06:08,2.849204,26.58,60.8175,0.0351,101.325,2.2,3.4
"branch_vs_leaf_4","blup",22/10/20 06:12,2.831507,26.5025,60.7775,0.0351,101.325,2.2,3.4
"branch_vs_leaf_4","blup",22/10/20 06:16,2.796113,26.46,60.9525,0.0351,101.325,2.2,3.4
"branch_vs_leaf_4","blup",22/10/20 06:20,2.778416,26.54,60.6575,0.0351,101.325,2.2,3.4
"branch_vs_leaf_4","blup",22/10/20 06:24,2.743022,26.565,61.005,0.0351,101.325,2.2,3.4
"branch_vs_leaf_4","blup",22/10/20 06:28,2.831507,26.5125,61.19,0.0351,101.325,2.2,3.4
"branch_vs_leaf_4","blup",22/10/20 06:32,2.796113,26.5,61.4225,0.0351,101.325,2.2,3.4
"branch_vs_leaf_4","blup",22/10/20 06:36,2.81381,26.5425,61.535,0.0351,101.325,2.2,3.4
"branch_vs_leaf_4","blup",22/10/20 06:40,2.849204,26.5925,61.1725,0.0351,101.325,2.2,3.4
"branch_vs_leaf_4","blup",22/10/20 06:44,2.81381,26.6475,61.485,0.0351,101.325,2.2,3.4
"branch_vs_leaf_4","blup",22/10/20 06:48,2.760719,26.585,61.265,0.0351,101.325,2.2,3.4
"branch_vs_leaf_4","blup",22/10/20 06:52,2.796113,26.7125,61.1375,0.0351,101.325,2.2,3.4
"branch_vs_leaf_4","blup",22/10/20 06:56,2.760719,26.5,61.37,0.0351,101.325,2.2,3.4
"branch_vs_leaf_4","blup",22/10/20 07:00,2.672235,26.615,61.32,0.0351,101.325,2.2,3.4
"branch_vs_leaf_4","blup",22/10/20 07:04,2.884598,26.5225,60.9075,0.0351,101.325,2.2,3.4
"branch_vs_leaf_4","blup",22/10/20 07:08,2.831507,26.4,61.7,0.0351,101.325,2.2,3.4
"branch_vs_leaf_4","blup",22/10/20 07:12,2.796113,26.5475,61.195,0.0351,101.325,2.2,3.4
"branch_vs_leaf_4","blup",22/10/20 07:16,2.849204,26.49,61.175,0.0351,101.325,2.2,3.4
"branch_vs_leaf_4","blup",22/10/20 07:20,2.849204,26.585,61.06,0.0351,101.325,2.2,3.4
"branch_vs_leaf_4","blup",22/10/20 07:24,2.778416,26.5675,60.7175,0.0351,101.325,2.2,3.4
"branch_vs_leaf_4","blup",22/10/20 07:28,2.796113,26.435,60.88,0.0351,101.325,2.2,3.4
"branch_vs_leaf_4","blup",22/10/20 07:32,2.81381,26.53,61.35,0.0351,101.325,2.2,3.4
"branch_vs_leaf_4","blup",22/10/20 07:36,2.796113,26.58,61.1725,0.0351,101.325,2.2,3.4
"branch_vs_leaf_4","blup",22/10/20 07:40,2.884598,26.5975,61.3075,0.0351,101.325,2.2,3.4
"branch_vs_leaf_4","blup",22/10/20 07:44,2.81381,26.5975,61.285,0.0351,101.325,2.2,3.4
"branch_vs_leaf_4","blup",22/10/20 07:48,2.81381,26.62,61.295,0.0351,101.325,2.2,3.4
"branch_vs_leaf_4","blup",22/10/20 07:52,2.796113,26.5675,61.2025,0.0351,101.325,2.2,3.4
"branch_vs_leaf_4","blup",22/10/20 07:56,2.778416,26.6,61.365,0.0351,101.325,2.2,3.4
"branch_vs_leaf_4","blup",22/10/20 08:00,2.796113,26.5225,61.2425,0.0351,101.325,2.2,3.4
"branch_vs_leaf_4","blup",22/10/20 08:04,2.849204,26.6125,61.5375,0.0351,101.325,2.2,3.4
"branch_vs_leaf_4","blup",22/10/20 08:08,2.796113,26.4225,61.0525,0.0351,101.325,2.2,3.4
"branch_vs_leaf_4","blup",22/10/20 08:12,2.778416,26.4975,61.1225,0.0351,101.325,2.2,3.4
"branch_vs_leaf_4","blup",22/10/20 08:16,2.831507,26.415,61.255,0.0351,101.325,2.2,3.4
"branch_vs_leaf_4","blup",22/10/20 08:20,2.796113,26.4975,60.885,0.0351,101.325,2.2,3.4
"branch_vs_leaf_4","blup",22/10/20 08:24,2.831507,26.5625,60.645,0.0351,101.325,2.2,3.4
"branch_vs_leaf_4","blup",22/10/20 08:28,2.778416,26.4975,60.6725,0.0351,101.325,2.2,3.4
"branch_vs_leaf_4","blup",22/10/20 08:32,2.760719,26.51,61.11,0.0351,101.325,2.2,3.4
"branch_vs_leaf_4","blup",22/10/20 08:36,2.778416,26.565,61.15,0.0351,101.325,2.2,3.4
"branch_vs_leaf_4","blup",22/10/20 08:40,2.831507,26.53,61.33,0.0351,101.325,2.2,3.4
"branch_vs_leaf_4","blup",22/10/20 08:44,2.81381,26.58,61.07,0.0351,101.325,2.2,3.4
"branch_vs_leaf_4","blup",22/10/20 08:48,2.81381,26.5575,61.36,0.0351,101.325,2.2,3.4
"branch_vs_leaf_4","blup",22/10/20 08:52,2.81381,26.63,61.3725,0.0351,101.325,2.2,3.4
"branch_vs_leaf_4","blup",22/10/20 08:56,2.81381,26.5825,61.2325,0.0351,101.325,2.2,3.4
"branch_vs_leaf_4","blup",22/10/20 09:00,2.725325,26.6075,61.2975,0.0351,101.325,2.2,3.4
"branch_vs_leaf_4","blup",22/10/20 09:04,2.81381,26.645,60.89,0.0351,101.325,2.2,3.4
"branch_vs_leaf_4","blup",22/10/20 09:08,2.81381,26.555,61.18,0.0351,101.325,2.2,3.4
"branch_vs_leaf_4","blup",22/10/20 09:12,2.81381,26.5375,61.43,0.0351,101.325,2.2,3.4
"branch_vs_leaf_4","blup",22/10/20 09:16,2.81381,26.51,61.095,0.0351,101.325,2.2,3.4
"branch_vs_leaf_4","blup",22/10/20 09:20,2.707629,26.57,60.95,0.0351,101.325,2.2,3.4
"branch_vs_leaf_4","blup",22/10/20 09:24,2.831507,26.5175,61.1275,0.0351,101.325,2.2,3.4
"branch_vs_leaf_4","blup",22/10/20 09:28,2.778416,26.4725,61.1225,0.0351,101.325,2.2,3.4
"branch_vs_leaf_4","blup",22/10/20 09:32,2.796113,26.575,60.935,0.0351,101.325,2.2,3.4
"branch_vs_leaf_4","blup",22/10/20 09:36,2.760719,26.4475,61.105,0.0351,101.325,2.2,3.4
"branch_vs_leaf_4","blup",22/10/20 09:40,2.760719,26.485,60.9625,0.0351,101.325,2.2,3.4
"branch_vs_leaf_4","blup",22/10/20 09:44,2.849204,26.515,61.4,0.0351,101.325,2.2,3.4
"branch_vs_leaf_4","blup",22/10/20 09:48,2.831507,26.58,61.085,0.0351,101.325,2.2,3.4
"branch_vs_leaf_4","blup",22/10/20 09:52,2.743022,26.5825,61.3675,0.0351,101.325,2.2,3.4
"branch_vs_leaf_4","blup",22/10/20 09:56,2.81381,26.465,61.9275,0.0351,101.325,2.2,3.4
"branch_vs_leaf_4","blup",22/10/20 10:00,2.81381,26.475,61.6325,0.0351,101.325,2.2,3.4
"branch_vs_leaf_4","blup",22/10/20 10:04,2.760719,26.48,61.3625,0.0351,101.325,2.2,3.4
"branch_vs_leaf_4","blup",22/10/20 10:08,2.81381,26.5725,61.4175,0.0351,101.325,2.2,3.4
"branch_vs_leaf_4","blup",22/10/20 10:12,2.778416,26.5,61.305,0.0351,101.325,2.2,3.4
"branch_vs_leaf_4","blup",22/10/20 10:16,2.849204,26.5925,60.9525,0.0351,101.325,2.2,3.4
"branch_vs_leaf_4","blup",22/10/20 10:20,2.81381,26.625,60.9075,0.0351,101.325,2.2,3.4
"branch_vs_leaf_4","blup",22/10/20 10:24,2.743022,26.5675,60.9475,0.0351,101.325,2.2,3.4
"branch_vs_leaf_4","blup",22/10/20 10:28,2.796113,26.4525,61.005,0.0351,101.325,2.2,3.4
"branch_vs_leaf_4","blup",22/10/20 10:32,2.778416,26.5325,60.865,0.0351,101.325,2.2,3.4
"branch_vs_leaf_4","blup",22/10/20 10:36,2.778416,26.5675,60.97,0.0351,101.325,2.2,3.4
"branch_vs_leaf_4","blup",22/10/20 10:40,2.796113,26.5425,61.0625,0.0351,101.325,2.2,3.4
"branch_vs_leaf_4","blup",22/10/20 10:44,2.743022,26.5125,61.2675,0.0351,101.325,2.2,3.4
"branch_vs_leaf_4","blup",22/10/20 10:48,2.743022,26.555,61.13,0.0351,101.325,2.2,3.4
"branch_vs_leaf_4","blup",22/10/20 10:52,2.866901,26.6,61.3225,0.0351,101.325,2.2,3.4
"branch_vs_leaf_4","blup",22/10/20 10:56,2.81381,26.5775,61.3975,0.0351,101.325,2.2,3.4
"branch_vs_leaf_4","blup",22/10/20 11:00,2.778416,26.525,61.595,0.0351,101.325,2.2,3.4
"branch_vs_leaf_4","blup",22/10/20 11:04,2.760719,26.6325,61.3625,0.0351,101.325,2.2,3.4
"branch_vs_leaf_4","blup",22/10/20 11:08,2.689932,26.5775,61.1425,0.0351,101.325,2.2,3.4
"branch_vs_leaf_4","blup",22/10/20 11:12,2.707629,26.55,61.2,0.0351,101.325,2.2,3.4
"branch_vs_leaf_4","blup",22/10/20 11:16,2.760719,26.57,60.895,0.0351,101.325,2.2,3.4
"branch_vs_leaf_4","blup",22/10/20 11:20,2.778416,26.555,60.9525,0.0351,101.325,2.2,3.4
"branch_vs_leaf_4","blup",22/10/20 11:24,2.778416,26.5425,60.7275,0.0351,101.325,2.2,3.4
"branch_vs_leaf_4","blup",22/10/20 11:28,2.743022,26.485,60.69,0.0351,101.325,2.2,3.4
"branch_vs_leaf_4","blup",22/10/20 11:32,2.760719,26.5375,60.6475,0.0351,101.325,2.2,3.4
"branch_vs_leaf_4","blup",22/10/20 11:36,2.725325,26.545,61.1925,0.0351,101.325,2.2,3.4
"branch_vs_leaf_4","blup",22/10/20 11:40,2.778416,26.57,60.895,0.0351,101.325,2.2,3.4
"branch_vs_leaf_4","blup",22/10/20 11:44,2.743022,26.6025,60.9325,0.0351,101.325,2.2,3.4
"branch_vs_leaf_4","blup",22/10/20 11:48,2.81381,26.575,60.8825,0.0351,101.325,2.2,3.4
"branch_vs_leaf_4","blup",22/10/20 11:52,2.778416,26.5325,61.25,0.0351,101.325,2.2,3.4
"branch_vs_leaf_4","blup",22/10/20 11:56,2.760719,26.58,61.3175,0.0351,101.325,2.2,3.4
"branch_vs_leaf_4","blup",22/10/20 12:00,2.778416,26.545,61.4975,0.0351,101.325,2.2,3.4
"branch_vs_leaf_4","blup",22/10/20 12:04,2.707629,26.54,60.9525,0.0351,101.325,2.2,3.4
"branch_vs_leaf_4","blup",22/10/20 12:08,2.725325,26.5825,61.135,0.0351,101.325,2.2,3.4
"branch_vs_leaf_4","blup",22/10/20 12:12,2.796113,26.645,61.125,0.0351,101.325,2.2,3.4
"branch_vs_leaf_4","blup",22/10/20 12:16,2.743022,26.595,61.075,0.0351,101.325,2.2,3.4
"branch_vs_leaf_4","blup",22/10/20 12:20,2.796113,26.385,61.15,0.0351,101.325,2.2,3.4
"branch_vs_leaf_4","blup",22/10/20 12:24,2.760719,26.5375,60.92,0.0351,101.325,2.2,3.4
"branch_vs_leaf_4","blup",22/10/20 12:28,2.743022,26.5275,60.9125,0.0351,101.325,2.2,3.4
"branch_vs_leaf_4","blup",22/10/20 12:32,2.760719,26.5575,61.045,0.0351,101.325,2.2,3.4
"branch_vs_leaf_4","blup",22/10/20 12:36,2.796113,26.52,60.725,0.0351,101.325,2.2,3.4
"branch_vs_leaf_4","blup",22/10/20 12:40,2.778416,26.5025,61.125,0.0351,101.325,2.2,3.4
"branch_vs_leaf_4","blup",22/10/20 12:44,2.81381,26.4925,60.97,0.0351,101.325,2.2,3.4
"branch_vs_leaf_4","blup",22/10/20 12:48,2.778416,26.5175,61.195,0.0351,101.325,2.2,3.4
"branch_vs_leaf_4","blup",22/10/20 12:52,2.778416,26.585,61.285,0.0351,101.325,2.2,3.4
"branch_vs_leaf_4","blup",22/10/20 12:56,2.778416,26.525,61.34,0.0351,101.325,2.2,3.4
"branch_vs_leaf_4","blup",22/10/20 13:00,2.796113,26.515,61.4225,0.0351,101.325,2.2,3.4
"branch_vs_leaf_4","blup",22/10/20 13:04,2.707629,26.54,61.4125,0.0351,101.325,2.2,3.4
"branch_vs_leaf_4","blup",22/10/20 13:08,2.796113,26.5325,61.5075,0.0351,101.325,2.2,3.4
"branch_vs_leaf_4","blup",22/10/20 13:12,2.760719,26.59,61.4375,0.0351,101.325,2.2,3.4
"branch_vs_leaf_4","blup",22/10/20 13:16,2.760719,26.49,61.31,0.0351,101.325,2.2,3.4
"branch_vs_leaf_4","blup",22/10/20 13:20,2.725325,26.545,61.225,0.0351,101.325,2.2,3.4
"branch_vs_leaf_4","blup",22/10/20 13:24,2.778416,26.435,61.3675,0.0351,101.325,2.2,3.4
"branch_vs_leaf_4","blup",22/10/20 13:28,2.760719,26.4875,61.1075,0.0351,101.325,2.2,3.4
"branch_vs_leaf_4","blup",22/10/20 13:32,2.796113,26.5175,60.67,0.0351,101.325,2.2,3.4
"branch_vs_leaf_4","blup",22/10/20 13:36,2.760719,26.4875,60.9425,0.0351,101.325,2.2,3.4
"branch_vs_leaf_4","blup",22/10/20 13:40,2.81381,26.4125,61.075,0.0351,101.325,2.2,3.4
"branch_vs_leaf_4","blup",22/10/20 13:44,2.796113,26.5,61.1525,0.0351,101.325,2.2,3.4
"branch_vs_leaf_4","blup",22/10/20 13:48,2.81381,26.505,61.17,0.0351,101.325,2.2,3.4
"branch_vs_leaf_4","blup",22/10/20 13:52,2.672235,26.565,61.3,0.0351,101.325,2.2,3.4
"branch_vs_leaf_4","blup",22/10/20 13:56,2.760719,26.5575,61.41,0.0351,101.325,2.2,3.4
"branch_vs_leaf_4","blup",22/10/20 14:00,2.672235,26.5475,61.1275,0.0351,101.325,2.2,3.4
"branch_vs_leaf_4","blup",22/10/20 14:04,2.672235,26.3525,62.765,0.0351,101.325,2.2,3.4
"branch_vs_leaf_4","blup",22/10/20 14:08,2.689932,26.5275,61.7425,0.0351,101.325,2.2,3.4
"branch_vs_leaf_4","blup",22/10/20 14:12,2.796113,26.7025,61.55,0.0351,101.325,2.2,3.4
"branch_vs_leaf_4","blup",22/10/20 14:16,2.760719,26.705,61.14,0.0351,101.325,2.2,3.4
"branch_vs_leaf_4","blup",22/10/20 14:20,2.760719,26.5375,61.105,0.0351,101.325,2.2,3.4
"branch_vs_leaf_4","blup",22/10/20 14:24,2.743022,26.3375,61.575,0.0351,101.325,2.2,3.4
"branch_vs_leaf_4","blup",22/10/20 14:28,2.760719,26.41,61.5225,0.0351,101.325,2.2,3.4
"branch_vs_leaf_4","blup",22/10/20 14:32,2.672235,26.535,61.1225,0.0351,101.325,2.2,3.4
"branch_vs_leaf_4","blup",22/10/20 14:36,2.654538,26.47,61.1025,0.0351,101.325,2.2,3.4
"branch_vs_leaf_4","blup",22/10/20 14:40,2.81381,26.415,59.0875,0.0351,101.325,2.2,3.4
"branch_vs_leaf_4","blup",22/10/20 14:44,2.725325,26.3675,61.055,0.0351,101.325,2.2,3.4
"branch_vs_leaf_4","blup",22/10/20 14:48,2.778416,26.495,61.2275,0.0351,101.325,2.2,3.4
"branch_vs_leaf_4","blup",22/10/20 14:52,2.672235,26.5975,61.415,0.0351,101.325,2.2,3.4
